"hour","date","Visite.gain","TypeWeekDay","length","channel","DAYPART","MMDAYPART","ChaineEcranWD","ChaineDaypartWD","ChaineMMDaypartWD","crea","budgetbrut","budgetnet","grp","grpref","tav","tavtap","EmavShort","month","dayofweek","consumption","nthweek","festival","gta","visitByhour"
10,"2014-04-23",64,"WD",20,"M6","DAY","DAY1011","M61015WD","M6DAYWD","M6DAY1011WD","la terrasse",1296,233.28,0.05,0.17,"CBB","CBB","LES REINES",4,4,57551,"16",0,"71","0.0484286373"
10,"2014-04-20",215,"WE",20,"M6","DAY","DAY1011","M61040WE","M6DAYWE","M6DAY1011WE","effet sculptant",972,174.96,0.2,0.45,"ACB","ACB","MALCOLM:AL",4,1,47831,"15",0,"84","0.0484286373"
10,"2014-04-02",88,"WD",20,"M6","DAY","DAY1011","M61015WD","M6DAYWD","M6DAY1011WD","effet sculptant",1134,204.12,0.53,0.23,"ACC","ACC","LA PETITE ",4,4,58888,"13",0,"62","0.0484286373"
10,"2014-03-11",53,"WD",20,"M6","DAY","DAY1011","M61015WD","M6DAYWD","M6DAY1011WD","effet sculptant",648,116.64,0.23,0.2,"ACC","ACC","LA PETITE ",3,3,63769,"10",0,"72","0.0484286373"
10,"2014-03-09",22,"WE",12,"M6","DAY","DAY1011","M61105WE","M6DAYWE","M6DAY1011WE","la chaussure pour toutes les morpho'",1083,194.94,0.51,0.46,"CC","CC","A MOURIR D",3,1,50722,"09",0,"81","0.0484286373"
10,"2014-04-14",129,"WD",20,"M6","DAY","DAY1011","M61015WD","M6DAYWD","M6DAY1011WD","la terrasse",1782,320.76,0.01,0.17,"CBB","CBB","LES REINES",4,2,57009,"15",0,"78","0.0484286373"
10,"2014-04-17",30,"WD",20,"M6","DAY","DAY1011","M61015WD","M6DAYWD","M6DAY1011WD","effet sculptant",1782,320.76,0,0.12,"CBB","CBB","LES REINES",4,5,58545,"15",0,"75","0.0484286373"
10,"2014-04-18",133,"WD",20,"M6","DAY","DAY1011","M61015WD","M6DAYWD","M6DAY1011WD","la terrasse",1782,320.76,0.54,0.16,"CBB","CBB","LES REINES",4,6,57529,"15",2,"75","0.0484286373"
10,"2014-04-18",88,"WD",20,"PuissanceTNT","DAY","DAY1011","PuissanceTNT1100WD","PuissanceTNTDAYWD","PuissanceTNTDAY1011WD","effet sculptant",1150.2,207.036,0.17,0.2,"J","J","METEO W9+U",4,6,57566,"15",2,"75","0.0484286373"
10,"2014-03-18",83,"WD",20,"M6","DAY","DAY1011","M61015WD","M6DAYWD","M6DAY1011WD","effet sculptant",648,116.64,0.01,0.15,"ACC","ACC","LA PETITE ",3,3,63280,"11",0,"70","0.0484286373"
10,"2014-04-24",104,"WD",20,"M6","DAY","DAY1011","M61015WD","M6DAYWD","M6DAY1011WD","la terrasse",1296,233.28,0.19,0.12,"CBB","CBB","LES REINES",4,5,57046,"16",0,"77","0.0484286373"
10,"2014-04-29",117,"WD",12,"M6","DAY","DAY1011","M61015WD","M6DAYWD","M6DAY1011WD","la lingerie pour toutes les morpho",912,164.16,0,0.11,"CBB","CBB","LES REINES",4,3,59037,"17",0,"65","0.0484286373"
10,"2014-04-13",104,"WE",20,"M6","DAY","DAY1011","M61105WE","M6DAYWE","M6DAY1011WE","effet sculptant",1377,247.86,0.52,0.36,"CC","CC","A MOURIR D",4,1,45450,"14",0,"77","0.0484286373"
10,"2014-04-10",55,"WD",20,"M6","DAY","DAY1011","M60950WD","M6DAYWD","M6DAY1011WD","effet sculptant",567,102.06,0.15,0.09,"EBD","SPLIT","PLUS VITE ",4,5,58380,"14",0,"66","0.0484286373"
10,"2014-03-13",62,"WD",20,"M6","DAY","DAY1011","M61015WD","M6DAYWD","M6DAY1011WD","effet sculptant",648,116.64,0,0.16,"ACC","ACC","LA PETITE ",3,5,63607,"10",0,"71","0.0484286373"
10,"2014-04-26",52,"WE",12,"M6","DAY","DAY1011","M61040WE","M6DAYWE","M6DAY1011WE","la chaussure pour toutes les morpho'",342,61.56,0,0.14,"EBD","SPLIT","PLUS VITE ",4,7,49836,"16",0,"89","0.0484286373"
10,"2014-03-17",95,"WD",20,"M6","DAY","DAY1011","M61015WD","M6DAYWD","M6DAY1011WD","effet sculptant",648,116.64,0.09,0.19,"ACC","ACC","LA PETITE ",3,2,61026,"11",0,"71","0.0484286373"
10,"2014-04-16",168,"WD",20,"M6","DAY","DAY1011","M61015WD","M6DAYWD","M6DAY1011WD","effet sculptant",1782,320.76,0.31,0.21,"CBB","CBB","LES REINES",4,4,59246,"15",0,"73","0.0484286373"
10,"2014-03-17",48,"WD",20,"M6","DAY","DAY1011","M60950WD","M6DAYWD","M6DAY1011WD","effet sculptant",486,87.48,0.09,0.15,"EBD","SPLIT","PLUS VITE ",3,2,61026,"11",0,"71","0.0484286373"
10,"2014-03-19",80,"WD",20,"M6","DAY","DAY1011","M61015WD","M6DAYWD","M6DAY1011WD","effet sculptant",648,116.64,0.01,0.23,"ACC","ACC","LA PETITE ",3,4,62740,"11",0,"62","0.0484286373"
10,"2014-03-21",52,"WD",20,"M6","DAY","DAY1011","M61015WD","M6DAYWD","M6DAY1011WD","effet sculptant",648,116.64,0.01,0.18,"ACC","ACC","LA PETITE ",3,6,61067,"11",0,"62","0.0484286373"
10,"2014-03-14",36,"WD",20,"M6","DAY","DAY1011","M61015WD","M6DAYWD","M6DAY1011WD","effet sculptant",648,116.64,0,0.16,"ACC","ACC","LA PETITE ",3,6,62768,"10",0,"68","0.0484286373"
10,"2014-04-15",110,"WD",20,"M6","DAY","DAY1011","M61015WD","M6DAYWD","M6DAY1011WD","la terrasse",1782,320.76,0,0.1,"CBB","CBB","LES REINES",4,3,58340,"15",0,"78","0.0484286373"
10,"2014-03-20",34,"WD",20,"M6","DAY","DAY1011","M61015WD","M6DAYWD","M6DAY1011WD","la terrasse",648,116.64,0.01,0.14,"ACC","ACC","LA PETITE ",3,5,60358,"11",0,"70","0.0484286373"
10,"2014-04-25",128,"WD",20,"PuissanceTNT","DAY","DAY1011","PuissanceTNT1100WD","PuissanceTNTDAYWD","PuissanceTNTDAY1011WD","la terrasse",1053,189.54,0.12,0.15,"J","J","METEO W9+U",4,6,57531,"16",0,"65","0.0484286373"
10,"2014-04-22",73,"WD",20,"M6","DAY","DAY1011","M61015WD","M6DAYWD","M6DAY1011WD","la terrasse",1296,233.28,0.04,0.12,"CBB","CBB","LES REINES",4,3,58271,"16",0,"73","0.0484286373"
10,"2014-04-30",142,"WD",12,"M6","DAY","DAY1011","M61015WD","M6DAYWD","M6DAY1011WD","la chaussure pour toutes les morpho'",912,164.16,0.13,0.2,"CBB","CBB","LES REINES",4,4,58524,"17",0,"68","0.0484286373"
10,"2014-04-19",77,"WE",12,"M6","DAY","DAY1011","M61105WE","M6DAYWE","M6DAY1011WE","la lingerie pour toutes les morpho",912,164.16,0.01,0.1,"ACB","ACB","NEW GIRL:T",4,7,51343,"15",0,"89","0.0484286373"
10,"2014-03-25",6,"WD",12,"M6","DAY","DAY1011","M61015WD","M6DAYWD","M6DAY1011WD","effet push-up",456,82.08,0.18,0.12,"ACC","ACC","LA PETITE ",3,3,66675,"12",0,"65","0.0484286373"
10,"2014-03-15",70,"WE",20,"M6","DAY","DAY1011","M61040WE","M6DAYWE","M6DAY1011WE","effet sculptant",648,116.64,0.13,0.12,"EBL","SPLIT","LA MINUTE ",3,7,55163,"10",0,"76","0.0484286373"
10,"2014-04-21",227,"WD",20,"M6","DAY","DAY1011","M61015WD","M6DAYWD","M6DAY1011WD","la terrasse",1458,262.44,0.17,0.37,"CBB","CBB","LES REINES",4,2,48254,"16",1,"91","0.0484286373"
10,"2014-04-28",130,"WD",12,"M6","DAY","DAY1011","M61015WD","M6DAYWD","M6DAY1011WD","la chaussure pour toutes les morpho'",912,164.16,0.11,0.26,"CBB","CBB","LES REINES",4,2,58435,"17",0,"69","0.0484286373"
10,"2014-04-11",46,"WD",20,"M6","DAY","DAY1011","M61015WD","M6DAYWD","M6DAY1011WD","la terrasse",1134,204.12,0.4,0.13,"ACC","ACC","LA PETITE ",4,6,57472,"14",0,"67","0.0484286373"
11,"2014-04-26",60,"WE",12,"PuissanceTNT","DAY","DAY1011","PuissanceTNT1130WE","PuissanceTNTDAYWE","PuissanceTNTDAY1011WE","la lingerie pour toutes les morpho",1031.7,185.706,0.06,0.32,"J","J","GENERATION",4,7,50092,"16",0,"89","0.0502842677"
11,"2014-03-22",240,"WE",12,"M6","DAY","DAY1011","M61105WE","M6DAYWE","M6DAY1011WE","effet push-up",1482,266.76,0.31,0.38,"CBB","CBB","LES REINES",3,7,56358,"11",0,"77","0.0502842677"
11,"2014-04-09",65,"WD",20,"M6","DAY","DAY1011","M61205WD","M6DAYWD","M6DAY1011WD","effet sculptant",2835,510.3,0.79,0.33,"ACC","SPLIT","LA PETITE ",4,4,59574,"14",0,"71","0.0502842677"
11,"2014-04-15",164,"WD",20,"M6","DAY","DAY1011","M61205WD","M6DAYWD","M6DAY1011WD","la terrasse",2430,437.4,0.63,0.41,"ACC","ACC","LA PETITE ",4,3,58780,"15",0,"78","0.0502842677"
11,"2014-04-07",65,"WD",12,"M6","DAY","DAY1011","M61120WD","M6DAYWD","M6DAY1011WD","la chaussure pour toutes les morpho'",1482,266.76,0.49,0.41,"ACC","ACC","LA PETITE ",4,2,55916,"14",0,"69","0.0502842677"
11,"2014-04-15",72,"WD",20,"M6","DAY","DAY1011","M61120WD","M6DAYWD","M6DAY1011WD","effet sculptant",2106,379.08,0.25,0.37,"ACC","ACC","LA PETITE ",4,3,58298,"15",0,"78","0.0502842677"
11,"2014-03-14",135,"WD",20,"M6","DAY","DAY1011","M61120WD","M6DAYWD","M6DAY1011WD","la terrasse",2592,466.56,0.46,0.28,"ACC","ACC","LA PETITE ",3,6,61488,"10",0,"68","0.0502842677"
11,"2014-03-15",308,"WE",12,"M6","DAY","DAY1011","M61105WE","M6DAYWE","M6DAY1011WE","la chaussure pour toutes les morpho'",1425,256.5,0.58,0.36,"CBB","CBB","LES REINES",3,7,55216,"10",0,"76","0.0502842677"
11,"2014-04-19",114,"WE",12,"PuissanceTNT","DAY","DAY1011","PuissanceTNT1200WE","PuissanceTNTDAYWE","PuissanceTNTDAY1011WE","la lingerie pour toutes les morpho",1083,194.94,0.16,0.33,"J","J","GENERATION",4,7,51803,"15",0,"89","0.0502842677"
11,"2014-03-10",117,"WD",20,"M6","DAY","DAY1011","M61120WD","M6DAYWD","M6DAY1011WD","effet sculptant",2592,466.56,0.5,0.4,"ACC","ACC","LA PETITE ",3,2,61074,"10",0,"70","0.0502842677"
11,"2014-04-05",408,"WE",12,"M6","DAY","DAY1011","M61150WE","M6DAYWE","M6DAY1011WE","la chaussure pour toutes les morpho'",1710,307.8,0.4,0.45,"CBB","CBB","LES REINES",4,7,52089,"13",0,"82","0.0502842677"
11,"2014-04-29",107,"WD",12,"PuissanceTNT","DAY","DAY1011","PuissanceTNT1130WD","PuissanceTNTDAYWD","PuissanceTNTDAY1011WD","la lingerie pour toutes les morpho",803.7,144.666,0.01,0.1,"J","J","A VOS CLIP",4,3,59163,"17",0,"65","0.0502842677"
11,"2014-04-14",134,"WD",20,"M6","DAY","DAY1011","M61205WD","M6DAYWD","M6DAY1011WD","effet sculptant",2430,437.4,0.36,0.47,"ACC","ACC","LA PETITE ",4,2,57274,"15",0,"78","0.0502842677"
11,"2014-04-11",60,"WD",20,"M6","DAY","DAY1011","M61205WD","M6DAYWD","M6DAY1011WD","effet sculptant",2835,510.3,0.73,0.36,"ACC","SPLIT","LA PETITE ",4,6,57263,"14",0,"67","0.0502842677"
11,"2014-03-28",30,"WD",12,"M6","DAY","DAY1011","M61205WD","M6DAYWD","M6DAY1011WD","effet push-up",2166,389.88,0.43,0.36,"ACC","SPLIT","LA PETITE ",3,6,64281,"12",0,"64","0.0502842677"
11,"2014-04-23",94,"WD",20,"PuissanceTNT","DAY","DAY1011","PuissanceTNT1130WD","PuissanceTNTDAYWD","PuissanceTNTDAY1011WD","effet sculptant",1142.1,205.578,0,0.16,"J","J","METEO W9+U",4,4,57559,"16",0,"71","0.0502842677"
11,"2014-04-27",98,"WE",12,"PuissanceTNT","DAY","DAY1011","PuissanceTNT1130WE","PuissanceTNTDAYWE","PuissanceTNTDAY1011WE","la lingerie pour toutes les morpho",1943.7,349.866,0.37,0.35,"J","J","GENERATION",4,1,47991,"16",0,"96","0.0502842677"
11,"2014-04-19",127,"WE",20,"PuissanceTNT","DAY","DAY1011","PuissanceTNT1130WE","PuissanceTNTDAYWE","PuissanceTNTDAY1011WE","effet sculptant",1466.1,263.898,0.15,0.18,"J","J","GENERATION",4,7,51338,"15",0,"89","0.0502842677"
11,"2014-04-08",88,"WD",20,"M6","DAY","DAY1011","M61205WD","M6DAYWD","M6DAY1011WD","effet sculptant",2835,510.3,1.36,0.42,"ACC","SPLIT","LA PETITE ",4,3,58828,"14",0,"70","0.0502842677"
11,"2014-04-07",43,"WD",20,"M6","DAY","DAY1011","M61205WD","M6DAYWD","M6DAY1011WD","effet sculptant",2835,510.3,0.88,0.39,"ACC","SPLIT","LA PETITE ",4,2,56379,"14",0,"69","0.0502842677"
11,"2014-04-30",92,"WD",20,"PuissanceTNT","DAY","DAY1011","PuissanceTNT1130WD","PuissanceTNTDAYWD","PuissanceTNTDAY1011WD","effet sculptant",1142.1,205.578,0.33,0.24,"J","J","METEO W9+U",4,4,58478,"17",0,"68","0.0502842677"
11,"2014-04-30",73,"WD",12,"PuissanceTNT","DAY","DAY1011","PuissanceTNT1150WD","PuissanceTNTDAYWD","PuissanceTNTDAY1011WD","la chaussure pour toutes les morpho'",769.5,138.51,0.58,0.19,"J","J","E-CLASSEME",4,4,58582,"17",0,"68","0.0502842677"
11,"2014-04-08",116,"WD",20,"M6","DAY","DAY1011","M61120WD","M6DAYWD","M6DAY1011WD","effet sculptant",2106,379.08,1.01,0.54,"ACC","ACC","LA PETITE ",4,3,58828,"14",0,"70","0.0502842677"
11,"2014-04-01",81,"WD",20,"M6","DAY","DAY1011","M61120WD","M6DAYWD","M6DAY1011WD","effet sculptant",2106,379.08,0.86,0.47,"ACC","ACC","LA PETITE ",4,3,58699,"13",0,"64","0.0502842677"
11,"2014-03-27",101,"WD",12,"M6","DAY","DAY1011","M61120WD","M6DAYWD","M6DAY1011WD","la chaussure pour toutes les morpho'",1824,328.32,0.44,0.36,"ACC","ACC","LA PETITE ",3,5,65766,"12",0,"63","0.0502842677"
11,"2014-03-26",130,"WD",20,"M6","DAY","DAY1011","M61205WD","M6DAYWD","M6DAY1011WD","effet sculptant",3078,554.04,0.71,0.37,"ACC","SPLIT","LA PETITE ",3,4,65887,"12",0,"63","0.0502842677"
11,"2014-03-13",107,"WD",12,"M6","DAY","DAY1011","M61120WD","M6DAYWD","M6DAY1011WD","la chaussure pour toutes les morpho'",1824,328.32,0.33,0.25,"ACC","ACC","LA PETITE ",3,5,62337,"10",0,"71","0.0502842677"
11,"2014-03-27",85,"WD",20,"M6","DAY","DAY1011","M61205WD","M6DAYWD","M6DAY1011WD","effet sculptant",3078,554.04,0.44,0.27,"ACC","SPLIT","LA PETITE ",3,5,65679,"12",0,"63","0.0502842677"
11,"2014-04-25",98,"WD",12,"M6","DAY","DAY1011","M61120WD","M6DAYWD","M6DAY1011WD","la lingerie pour toutes les morpho",1254,225.72,0.73,0.46,"ACC","ACC","LA PETITE ",4,6,58235,"16",0,"65","0.0502842677"
11,"2014-03-28",72,"WD",12,"M6","DAY","DAY1011","M61120WD","M6DAYWD","M6DAY1011WD","la chaussure pour toutes les morpho'",1824,328.32,0.24,0.31,"ACC","ACC","LA PETITE ",3,6,64643,"12",0,"64","0.0502842677"
11,"2014-04-20",63,"WE",12,"PuissanceTNT","DAY","DAY1011","PuissanceTNT1130WE","PuissanceTNTDAYWE","PuissanceTNTDAY1011WE","la chaussure pour toutes les morpho'",1943.7,349.866,1.16,0.62,"J","J","GENERATION",4,1,48645,"15",0,"84","0.0502842677"
11,"2014-04-16",163,"WD",20,"M6","DAY","DAY1011","M61205WD","M6DAYWD","M6DAY1011WD","la terrasse",2430,437.4,0.5,0.44,"ACC","ACC","LA PETITE ",4,4,59066,"15",0,"73","0.0502842677"
11,"2014-04-10",81,"WD",12,"M6","DAY","DAY1011","M61120WD","M6DAYWD","M6DAY1011WD","la chaussure pour toutes les morpho'",1482,266.76,0.97,0.3,"ACC","ACC","LA PETITE ",4,5,58014,"14",0,"66","0.0502842677"
11,"2014-03-25",104,"WD",20,"M6","DAY","DAY1011","M61205WD","M6DAYWD","M6DAY1011WD","effet sculptant",3078,554.04,0.35,0.33,"ACC","SPLIT","LA PETITE ",3,3,67242,"12",0,"65","0.0502842677"
11,"2014-04-10",66,"WD",20,"M6","DAY","DAY1011","M61205WD","M6DAYWD","M6DAY1011WD","effet sculptant",2835,510.3,1,0.31,"ACC","SPLIT","LA PETITE ",4,5,58036,"14",0,"66","0.0502842677"
11,"2014-04-04",109,"WD",20,"M6","DAY","DAY1011","M61120WD","M6DAYWD","M6DAY1011WD","effet sculptant",2106,379.08,0.51,0.42,"ACC","ACC","LA PETITE ",4,6,60321,"13",0,"71","0.0502842677"
12,"2014-04-27",101,"WE",20,"PuissanceTNT","DAY","DAY1213","PuissanceTNT1230WE","PuissanceTNTDAYWE","PuissanceTNTDAY1213WE","effet sculptant",1944,349.92,0.52,0.34,"J","SPLIT","QUOI DE NE",4,1,50208,"16",0,"96","0.0437506265"
12,"2014-04-21",122,"WD",20,"M6","DAY","DAY1213","M61230WD","M6DAYWD","M6DAY1213WD","effet sculptant",5265,947.7,1.33,0.57,"ACC","ACC","LA PETITE ",4,2,50072,"16",1,"91","0.0437506265"
12,"2014-04-07",167,"WD",20,"M6","DAY","DAY1213","M61250WD","M6DAYWD","M6DAY1213WD","effet sculptant",5265,947.7,0.94,0.86,"EBD","SPLIT","PLUS VITE ",4,2,56263,"14",0,"69","0.0437506265"
12,"2014-03-24",165,"WD",20,"M6","DAY","DAY1213","M61230WD","M6DAYWD","M6DAY1213WD","effet sculptant",5346,962.28,1.37,0.64,"ACB","ACB","SCENES DE ",3,2,64363,"12",0,"60","0.0437506265"
12,"2014-04-28",83,"WD",12,"M6","DAY","DAY1213","M61240WD","M6DAYWD","M6DAY1213WD","la chaussure pour toutes les morpho'",3420,615.6,0.93,0.58,"ACC","SPLIT","LA PETITE ",4,2,58983,"17",0,"69","0.0437506265"
12,"2014-04-18",81,"WD",12,"PuissanceTNT","DAY","DAY1213","PuissanceTNT1220WD","PuissanceTNTDAYWD","PuissanceTNTDAY1213WD","la lingerie pour toutes les morpho",843.6,151.848,0.11,0.27,"J","J","W9 HITS+UN",4,6,57620,"15",2,"75","0.0437506265"
12,"2014-03-20",173,"WD",12,"M6","DAY","DAY1213","M61240WD","M6DAYWD","M6DAY1213WD","la chaussure pour toutes les morpho'",3306,595.08,0.72,0.78,"ACB","SPLIT","SCENES DE ",3,5,58851,"11",0,"70","0.0437506265"
12,"2014-04-18",146,"WD",20,"M6","DAY","DAY1213","M61250WD","M6DAYWD","M6DAY1213WD","la terrasse",5508,991.44,1.19,0.58,"EBD","SPLIT","PLUS VITE ",4,6,57810,"15",2,"75","0.0437506265"
12,"2014-04-05",233,"WE",20,"M6","DAY","DAY1213","M61250WE","M6DAYWE","M6DAY1213WE","effet sculptant",4455,801.9,0.81,0.83,"EBJ","SPLIT","CULTURES L",4,7,53216,"13",0,"82","0.0437506265"
12,"2014-04-19",195,"WE",12,"M6","DAY","DAY1213","M61205WE","M6DAYWE","M6DAY1213WE","la chaussure pour toutes les morpho'",2565,461.7,0.09,0.31,"ACB","ACB","NEW GIRL:L",4,7,52357,"15",0,"89","0.0437506265"
12,"2014-04-22",102,"WD",12,"PuissanceTNT","DAY","DAY1213","PuissanceTNT1230WD","PuissanceTNTDAYWD","PuissanceTNTDAY1213WD","la lingerie pour toutes les morpho",1368,246.24,0,0.28,"J","J","W9 HITS+UN",4,3,58522,"16",0,"73","0.0437506265"
12,"2014-04-26",114,"WE",12,"M6","DAY","DAY1213","M61250WE","M6DAYWE","M6DAY1213WE","la lingerie pour toutes les morpho",3135,564.3,0.8,0.66,"EBJ","SPLIT","CULTURES L",4,7,52139,"16",0,"89","0.0437506265"
12,"2014-04-16",94,"WD",12,"M6","DAY","DAY1213","M61240WD","M6DAYWD","M6DAY1213WD","la lingerie pour toutes les morpho",3534,636.12,0.36,0.55,"ACC","SPLIT","LA PETITE ",4,4,58597,"15",0,"73","0.0437506265"
12,"2014-04-14",122,"WD",20,"M6","DAY","DAY1213","M61230WD","M6DAYWD","M6DAY1213WD","la terrasse",5265,947.7,0.5,0.69,"ACC","ACC","LA PETITE ",4,2,56894,"15",0,"78","0.0437506265"
12,"2014-04-18",116,"WD",12,"PuissanceTNT","DAY","DAY1213","PuissanceTNT1250WD","PuissanceTNTDAYWD","PuissanceTNTDAY1213WD","la chaussure pour toutes les morpho'",1767,318.06,0.16,0.35,"AC","AC","GLEE:LE DR",4,6,57810,"15",2,"75","0.0437506265"
12,"2014-04-23",118,"WD",12,"M6","DAY","DAY1213","M61240WD","M6DAYWD","M6DAY1213WD","la lingerie pour toutes les morpho",3420,615.6,0.88,0.55,"ACC","SPLIT","LA PETITE ",4,4,57311,"16",0,"71","0.0437506265"
12,"2014-04-16",141,"WD",20,"M6","DAY","DAY1213","M61230WD","M6DAYWD","M6DAY1213WD","effet sculptant",5265,947.7,0.56,0.59,"ACC","ACC","LA PETITE ",4,4,58587,"15",0,"73","0.0437506265"
12,"2014-04-24",118,"WD",20,"PuissanceTNT","DAY","DAY1213","PuissanceTNT1230WD","PuissanceTNTDAYWD","PuissanceTNTDAY1213WD","la terrasse",1944,349.92,0.12,0.11,"J","SPLIT","TALENT TOU",4,5,57244,"16",0,"77","0.0437506265"
12,"2014-03-26",244,"WD",20,"M6","DAY","DAY1213","M61230WD","M6DAYWD","M6DAY1213WD","la terrasse",5346,962.28,1.58,0.73,"ACB","ACB","SCENES DE ",3,4,65232,"12",0,"63","0.0437506265"
12,"2014-04-20",64,"WE",12,"PuissanceTNT","DAY","DAY1213","PuissanceTNT1230WE","PuissanceTNTDAYWE","PuissanceTNTDAY1213WE","la lingerie pour toutes les morpho",1368,246.24,0.41,0.26,"J","SPLIT","METEO W9+S",4,1,49592,"15",0,"84","0.0437506265"
12,"2014-04-28",77,"WD",12,"PuissanceTNT","DAY","DAY1213","PuissanceTNT1230WD","PuissanceTNTDAYWD","PuissanceTNTDAY1213WD","la lingerie pour toutes les morpho",912,164.16,0.12,0.15,"J","J","W9 HITS+UN",4,2,58867,"17",0,"69","0.0437506265"
12,"2014-04-25",165,"WD",20,"M6","DAY","DAY1213","M61230WD","M6DAYWD","M6DAY1213WD","la terrasse",4860,874.8,0.7,0.74,"ACC","ACC","LA PETITE ",4,6,57868,"16",0,"65","0.0437506265"
12,"2014-04-29",134,"WD",20,"M6","DAY","DAY1213","M61230WD","M6DAYWD","M6DAY1213WD","effet sculptant",4860,874.8,1.02,0.72,"ACC","ACC","LA PETITE ",4,3,58931,"17",0,"65","0.0437506265"
12,"2014-03-13",109,"WD",12,"M6","DAY","DAY1213","M61240WD","M6DAYWD","M6DAY1213WD","effet push-up",3306,595.08,0.77,0.62,"ACB","SPLIT","SCENES DE ",3,5,61026,"10",0,"71","0.0437506265"
12,"2014-04-04",189,"WD",20,"M6","DAY","DAY1213","M61240WD","M6DAYWD","M6DAY1213WD","effet sculptant",4860,874.8,1.01,0.87,"ACB","SPLIT","SCENES DE ",4,6,60334,"13",0,"71","0.0437506265"
12,"2014-03-28",133,"WD",20,"M6","DAY","DAY1213","M61230WD","M6DAYWD","M6DAY1213WD","la mode pour toutes les morpho",5346,962.28,0.87,0.64,"ACB","ACB","SCENES DE ",3,6,63447,"12",0,"64","0.0437506265"
12,"2014-03-17",218,"WD",20,"M6","DAY","DAY1213","M61250WD","M6DAYWD","M6DAY1213WD","effet sculptant",5265,947.7,0.57,0.79,"EBL","SPLIT","LA MINUTE ",3,2,60604,"11",0,"71","0.0437506265"
12,"2014-04-12",321,"WE",20,"M6","DAY","DAY1213","M61240WE","M6DAYWE","M6DAY1213WE","effet sculptant",4293,772.74,0.6,0.71,"CBB","SPLIT","LES REINES",4,7,50918,"14",0,"79","0.0437506265"
12,"2014-03-19",167,"WD",12,"M6","DAY","DAY1213","M61230WD","M6DAYWD","M6DAY1213WD","la chaussure pour toutes les morpho'",3762,677.16,1.17,0.85,"ACB","ACB","SCENES DE ",3,4,61254,"11",0,"62","0.0437506265"
12,"2014-04-17",165,"WD",20,"M6","DAY","DAY1213","M61230WD","M6DAYWD","M6DAY1213WD","la terrasse",5265,947.7,0.84,0.58,"ACC","ACC","LA PETITE ",4,5,57526,"15",0,"75","0.0437506265"
12,"2014-04-24",68,"WD",12,"PuissanceTNT","DAY","DAY1213","PuissanceTNT1220WD","PuissanceTNTDAYWD","PuissanceTNTDAY1213WD","la chaussure pour toutes les morpho'",803.7,144.666,0.21,0.17,"J","J","W9 HITS+UN",4,5,56986,"16",0,"77","0.0437506265"
12,"2014-04-18",105,"WD",20,"M6","DAY","DAY1213","M61230WD","M6DAYWD","M6DAY1213WD","effet sculptant",5265,947.7,0.47,0.56,"ACC","ACC","LA PETITE ",4,6,57620,"15",2,"75","0.0437506265"
12,"2014-04-29",93,"WD",20,"PuissanceTNT","DAY","DAY1213","PuissanceTNT1230WD","PuissanceTNTDAYWD","PuissanceTNTDAY1213WD","effet sculptant",1296,233.28,0,0.09,"J","J","W9 HITS+UN",4,3,58931,"17",0,"65","0.0437506265"
12,"2014-04-09",151,"WD",12,"M6","DAY","DAY1213","M61230WD","M6DAYWD","M6DAY1213WD","la chaussure pour toutes les morpho'",2850,513,0.78,0.57,"ACB","ACB","SCENES DE ",4,4,58743,"14",0,"71","0.0437506265"
12,"2014-04-09",183,"WD",12,"M6","DAY","DAY1213","M61250WD","M6DAYWD","M6DAY1213WD","la lingerie pour toutes les morpho",3705,666.9,1.46,1.11,"EBD","SPLIT","PLUS VITE ",4,4,58864,"14",0,"71","0.0437506265"
12,"2014-04-03",235,"WD",20,"M6","DAY","DAY1213","M61230WD","M6DAYWD","M6DAY1213WD","effet sculptant",4050,729,1.01,0.57,"ACB","ACB","SCENES DE ",4,5,59606,"13",0,"64","0.0437506265"
12,"2014-04-30",76,"WD",12,"M6","DAY","DAY1213","M61240WD","M6DAYWD","M6DAY1213WD","la chaussure pour toutes les morpho'",3420,615.6,0.51,0.6,"ACC","SPLIT","LA PETITE ",4,4,58337,"17",0,"68","0.0437506265"
12,"2014-03-22",376,"WE",12,"M6","DAY","DAY1213","M61240WE","M6DAYWE","M6DAY1213WE","la chaussure pour toutes les morpho'",3534,636.12,0.21,0.82,"CBB","SPLIT","LES REINES",3,7,58523,"11",0,"77","0.0437506265"
12,"2014-04-22",133,"WD",20,"M6","DAY","DAY1213","M61230WD","M6DAYWD","M6DAY1213WD","effet sculptant",4860,874.8,1.04,0.57,"ACC","ACC","LA PETITE ",4,3,58233,"16",0,"73","0.0437506265"
12,"2014-03-31",108,"WD",12,"M6","DAY","DAY1213","M61250WD","M6DAYWD","M6DAY1213WD","effet push-up",3705,666.9,0.86,0.74,"EBL","SPLIT","LA MINUTE ",3,2,58528,"13",0,"67","0.0437506265"
12,"2014-04-06",277,"WE",12,"M6","DAY","DAY1213","M61242WE","M6DAYWE","M6DAY1213WE","la lingerie pour toutes les morpho",5700,1026,1.43,1.58,"DDB","SPLIT","TURBO:REPO",4,1,48832,"13",0,"86","0.0437506265"
12,"2014-04-23",100,"WD",20,"M6","DAY","DAY1213","M61230WD","M6DAYWD","M6DAY1213WD","effet sculptant",4860,874.8,1.02,0.58,"ACC","ACC","LA PETITE ",4,4,57421,"16",0,"71","0.0437506265"
12,"2014-04-24",109,"WD",20,"M6","DAY","DAY1213","M61230WD","M6DAYWD","M6DAY1213WD","effet sculptant",4860,874.8,0.38,0.43,"ACC","ACC","LA PETITE ",4,5,56986,"16",0,"77","0.0437506265"
12,"2014-03-26",135,"WD",12,"M6","DAY","DAY1213","M61250WD","M6DAYWD","M6DAY1213WD","effet push-up",3705,666.9,1.27,1.08,"EBL","SPLIT","LA MINUTE ",3,4,65416,"12",0,"63","0.0437506265"
12,"2014-03-14",82,"WD",12,"M6","DAY","DAY1213","M61240WD","M6DAYWD","M6DAY1213WD","effet push-up",3306,595.08,0.81,0.65,"ACB","SPLIT","SCENES DE ",3,6,60208,"10",0,"68","0.0437506265"
12,"2014-03-25",187,"WD",20,"M6","DAY","DAY1213","M61230WD","M6DAYWD","M6DAY1213WD","effet sculptant",5346,962.28,1.14,0.8,"ACB","ACB","SCENES DE ",3,3,66783,"12",0,"65","0.0437506265"
12,"2014-04-10",208,"WD",20,"M6","DAY","DAY1213","M61250WD","M6DAYWD","M6DAY1213WD","la terrasse",5265,947.7,1.91,1,"EBD","SPLIT","PLUS VITE ",4,5,57477,"14",0,"66","0.0437506265"
13,"2014-04-18",362,"WD",12,"PuissanceTNT","DAY","DAY1213","PuissanceTNT1350WD","PuissanceTNTDAYWD","PuissanceTNTDAY1213WD","la lingerie pour toutes les morpho",1898.1,341.658,0,0.49,"A","A","LES SIMPSO",4,6,55900,"15",2,"75","0.0572768460"
13,"2014-04-24",155,"WD",12,"PuissanceTNT","DAY","DAY1213","PuissanceTNT1320WD","PuissanceTNTDAYWD","PuissanceTNTDAY1213WD","la lingerie pour toutes les morpho",1881,338.58,0.16,0.43,"A","A","LES SIMPSO",4,5,55801,"16",0,"77","0.0572768460"
13,"2014-03-10",369,"WD",20,"M6","DAY","DAY1213","M61340WD","M6DAYWD","M6DAY1213WD","effet sculptant",8586,1545.48,3.72,1.79,"ACB","SPLIT","SCENES DE ",3,2,58518,"10",0,"70","0.0572768460"
13,"2014-04-28",256,"WD",12,"PuissanceTNT","DAY","DAY1213","PuissanceTNT1320WD","PuissanceTNTDAYWD","PuissanceTNTDAY1213WD","la chaussure pour toutes les morpho'",1881,338.58,0.14,0.44,"A","A","LES SIMPSO",4,2,57597,"17",0,"69","0.0572768460"
13,"2014-03-19",201,"WD",12,"M6","DAY","DAY1213","M61305WD","M6DAYWD","M6DAY1213WD","effet push-up",6270,1128.6,3.57,1.91,"ACB","ACB","SCENES DE ",3,4,59769,"11",0,"62","0.0572768460"
13,"2014-03-21",355,"WD",20,"M6","DAY","DAY1213","M61340WD","M6DAYWD","M6DAY1213WD","effet sculptant",8586,1545.48,3.76,1.47,"EBL","SPLIT","ASTUCE DE ",3,6,58265,"11",0,"62","0.0572768460"
13,"2014-03-18",355,"WD",20,"M6","DAY","DAY1213","M61340WD","M6DAYWD","M6DAY1213WD","effet sculptant",8586,1545.48,1.81,1.25,"EBL","SPLIT","ASTUCE DE ",3,3,60700,"11",0,"70","0.0572768460"
13,"2014-04-22",264,"WD",12,"PuissanceTNT","DAY","DAY1213","PuissanceTNT1320WD","PuissanceTNTDAYWD","PuissanceTNTDAY1213WD","la chaussure pour toutes les morpho'",1881,338.58,0.03,0.46,"A","A","LES SIMPSO",4,3,56818,"16",0,"73","0.0572768460"
13,"2014-04-10",269,"WD",20,"M6","DAY","DAY1213","M61340WD","M6DAYWD","M6DAY1213WD","effet sculptant",8100,1458,2.2,1.35,"EBL","SPLIT","ASTUCE DE ",4,5,55630,"14",0,"66","0.0572768460"
13,"2014-03-27",243,"WD",20,"M6","DAY","DAY1213","M61340WD","M6DAYWD","M6DAY1213WD","effet sculptant",8586,1545.48,3.48,1.11,"EBL","SPLIT","ASTUCE DE ",3,5,62931,"12",0,"63","0.0572768460"
13,"2014-04-21",309,"WD",20,"PuissanceTNT","DAY","DAY1213","PuissanceTNT1320WD","PuissanceTNTDAYWD","PuissanceTNTDAY1213WD","effet sculptant",2673,481.14,0.24,0.69,"A","A","LES SIMPSO",4,2,46724,"16",1,"91","0.0572768460"
13,"2014-04-02",387,"WD",20,"M6","DAY","DAY1213","M61305WD","M6DAYWD","M6DAY1213WD","effet sculptant",8586,1545.48,3.86,1.99,"ACB","ACB","SCENES DE ",4,4,57256,"13",0,"62","0.0572768460"
13,"2014-04-23",278,"WD",20,"M6","DAY","DAY1213","M61340WD","M6DAYWD","M6DAY1213WD","la terrasse",6885,1239.3,1.82,1.36,"EBL","SPLIT","ASTUCE DE ",4,4,56108,"16",0,"71","0.0572768460"
13,"2014-04-23",177,"WD",12,"PuissanceTNT","DAY","DAY1213","PuissanceTNT1320WD","PuissanceTNTDAYWD","PuissanceTNTDAY1213WD","la lingerie pour toutes les morpho",1881,338.58,0.09,0.55,"A","A","LES SIMPSO",4,4,56108,"16",0,"71","0.0572768460"
13,"2014-04-29",309,"WD",20,"PuissanceTNT","DAY","DAY1213","PuissanceTNT1320WD","PuissanceTNTDAYWD","PuissanceTNTDAY1213WD","la terrasse",2673,481.14,0.13,0.26,"A","A","LES SIMPSO",4,3,57692,"17",0,"65","0.0572768460"
13,"2014-03-14",366,"WD",12,"M6","DAY","DAY1213","M61340WD","M6DAYWD","M6DAY1213WD","la chaussure pour toutes les morpho'",6042,1087.56,2.79,1.49,"EBL","SPLIT","ASTUCE DE ",3,6,57615,"10",0,"68","0.0572768460"
13,"2014-04-07",252,"WD",12,"M6","DAY","DAY1213","M61340WD","M6DAYWD","M6DAY1213WD","la lingerie pour toutes les morpho",5700,1026,2.61,1.1,"ACB","SPLIT","SCENES DE ",4,2,55227,"14",0,"69","0.0572768460"
13,"2014-04-29",160,"WD",12,"PuissanceTNT","DAY","DAY1213","PuissanceTNT1250WD","PuissanceTNTDAYWD","PuissanceTNTDAY1213WD","la lingerie pour toutes les morpho",1653,297.54,0.02,0.17,"AC","AC","GLEE:ETRE ",4,3,58098,"17",0,"65","0.0572768460"
13,"2014-04-03",393,"WD",12,"M6","DAY","DAY1213","M61340WD","M6DAYWD","M6DAY1213WD","la chaussure pour toutes les morpho'",5700,1026,3.38,1.59,"EBL","SPLIT","ASTUCE DE ",4,5,58658,"13",0,"64","0.0572768460"
13,"2014-04-30",213,"WD",20,"PuissanceTNT","DAY","DAY1213","PuissanceTNT1320WD","PuissanceTNTDAYWD","PuissanceTNTDAY1213WD","la terrasse",2673,481.14,0.65,0.5,"A","A","LES SIMPSO",4,4,56689,"17",0,"68","0.0572768460"
13,"2014-04-21",196,"WD",12,"PuissanceTNT","DAY","DAY1213","PuissanceTNT1250WD","PuissanceTNTDAYWD","PuissanceTNTDAY1213WD","la chaussure pour toutes les morpho'",1653,297.54,0.28,0.43,"A","A","LES SIMPSO",4,2,48274,"16",1,"91","0.0572768460"
13,"2014-04-22",143,"WD",20,"PuissanceTNT","DAY","DAY1213","PuissanceTNT1250WD","PuissanceTNTDAYWD","PuissanceTNTDAY1213WD","effet sculptant",2349,422.82,0.25,0.25,"AC","AC","GLEE:RUMEU",4,3,57451,"16",0,"73","0.0572768460"
13,"2014-04-18",213,"WD",20,"PuissanceTNT","DAY","DAY1213","PuissanceTNT1320WD","PuissanceTNTDAYWD","PuissanceTNTDAY1213WD","la terrasse",2835,510.3,0.16,0.31,"AC","SPLIT","GLEE:LE DR",4,6,56483,"15",2,"75","0.0572768460"
13,"2014-04-05",374,"WE",12,"M6","DAY","DAY1213","M61410WE","M6DAYWE","M6DAY1213WE","la lingerie pour toutes les morpho",4560,820.8,1.66,1.38,"DDB","DDB","C EST MA V",4,7,49876,"13",0,"82","0.0572768460"
13,"2014-03-29",158,"WE",12,"M6","DAY","DAY1213","M61350WE","M6DAYWE","M6DAY1213WE","effet push-up",5130,923.4,1.63,1.4,"EAJ","EAJ","CAUCHEMAR ",3,7,51446,"12",0,"77","0.0572768460"
13,"2014-04-09",223,"WD",12,"M6","DAY","DAY1213","M61340WD","M6DAYWD","M6DAY1213WD","la chaussure pour toutes les morpho'",5700,1026,3.9,1.3,"EBL","SPLIT","ASTUCE DE ",4,4,57076,"14",0,"71","0.0572768460"
13,"2014-03-28",367,"WD",20,"M6","DAY","DAY1213","M61305WD","M6DAYWD","M6DAY1213WD","la mode pour toutes les morpho",8910,1603.8,2.74,1.41,"ACB","ACB","SCENES DE ",3,6,61786,"12",0,"64","0.0572768460"
13,"2014-04-28",261,"WD",20,"PuissanceTNT","DAY","DAY1213","PuissanceTNT1250WD","PuissanceTNTDAYWD","PuissanceTNTDAY1213WD","la terrasse",2349,422.82,0.23,0.35,"AC","AC","GLEE:OPERA",4,2,58101,"17",0,"69","0.0572768460"
13,"2014-03-27",411,"WD",20,"M6","DAY","DAY1213","M61305WD","M6DAYWD","M6DAY1213WD","la terrasse",8910,1603.8,2.86,1.43,"ACB","ACB","SCENES DE ",3,5,63466,"12",0,"63","0.0572768460"
13,"2014-04-11",356,"WD",20,"M6","DAY","DAY1213","M61305WD","M6DAYWD","M6DAY1213WD","la terrasse",8586,1545.48,2.81,1.33,"ACB","ACB","SCENES DE ",4,6,55620,"14",0,"67","0.0572768460"
13,"2014-04-26",208,"WE",12,"PuissanceTNT","DAY","DAY1213","PuissanceTNT1340WE","PuissanceTNTDAYWE","PuissanceTNTDAY1213WE","la lingerie pour toutes les morpho",2057.7,370.386,0.19,0.47,"AC","AC","MODERN FAM",4,7,49329,"16",0,"89","0.0572768460"
13,"2014-04-03",404,"WD",20,"M6","DAY","DAY1213","M61305WD","M6DAYWD","M6DAY1213WD","effet sculptant",8586,1545.48,4.28,1.71,"ACB","ACB","SCENES DE ",4,5,58883,"13",0,"64","0.0572768460"
13,"2014-04-17",270,"WD",20,"M6","DAY","DAY1213","M61305WD","M6DAYWD","M6DAY1213WD","effet sculptant",8586,1545.48,3.8,1.61,"ACB","ACB","SCENES DE ",4,5,56596,"15",0,"75","0.0572768460"
13,"2014-04-08",391,"WD",20,"M6","DAY","DAY1213","M61305WD","M6DAYWD","M6DAY1213WD","effet sculptant",8586,1545.48,3.64,1.67,"ACB","ACB","SCENES DE ",4,3,57463,"14",0,"70","0.0572768460"
13,"2014-03-25",346,"WD",20,"M6","DAY","DAY1213","M61305WD","M6DAYWD","M6DAY1213WD","effet sculptant",8910,1603.8,4.1,1.88,"ACB","ACB","SCENES DE ",3,3,65925,"12",0,"65","0.0572768460"
13,"2014-04-25",168,"WD",12,"PuissanceTNT","DAY","DAY1213","PuissanceTNT1250WD","PuissanceTNTDAYWD","PuissanceTNTDAY1213WD","la lingerie pour toutes les morpho",1653,297.54,0.22,0.22,"AC","AC","GLEE:LA RE",4,6,56936,"16",0,"65","0.0572768460"
13,"2014-04-13",498,"WE",12,"M6","DAY","DAY1213","M61340WE","M6DAYWE","M6DAY1213WE","la chaussure pour toutes les morpho'",6840,1231.2,2.31,2.32,"EAJ","EAJ","MAISON A V",4,1,46246,"14",0,"77","0.0572768460"
13,"2014-04-19",151,"WE",12,"PuissanceTNT","DAY","DAY1213","PuissanceTNT1340WE","PuissanceTNTDAYWE","PuissanceTNTDAY1213WE","la chaussure pour toutes les morpho'",2057.7,370.386,0.67,0.45,"AC","AC","MODERN FAM",4,7,50093,"15",0,"89","0.0572768460"
13,"2014-04-25",288,"WD",20,"PuissanceTNT","DAY","DAY1213","PuissanceTNT1320WD","PuissanceTNTDAYWD","PuissanceTNTDAY1213WD","effet sculptant",2673,481.14,0.27,0.45,"A","A","LES SIMPSO",4,6,56194,"16",0,"65","0.0572768460"
13,"2014-04-25",282,"WD",12,"M6","DAY","DAY1213","M61340WD","M6DAYWD","M6DAY1213WD","la lingerie pour toutes les morpho",4845,872.1,2.91,1.38,"EBL","SPLIT","ASTUCE DE ",4,6,56194,"16",0,"65","0.0572768460"
13,"2014-04-04",276,"WD",20,"M6","DAY","DAY1213","M61305WD","M6DAYWD","M6DAY1213WD","effet sculptant",8586,1545.48,3.1,1.45,"ACB","ACB","SCENES DE ",4,6,58873,"13",0,"71","0.0572768460"
13,"2014-04-11",242,"WD",12,"M6","DAY","DAY1213","M61340WD","M6DAYWD","M6DAY1213WD","la chaussure pour toutes les morpho'",5700,1026,2.5,1.48,"EBL","SPLIT","ASTUCE DE ",4,6,54858,"14",0,"67","0.0572768460"
13,"2014-03-13",340,"WD",20,"M6","DAY","DAY1213","M61340WD","M6DAYWD","M6DAY1213WD","effet sculptant",8586,1545.48,2.56,1.26,"EBL","SPLIT","ASTUCE DE ",3,5,58996,"10",0,"71","0.0572768460"
14,"2014-03-10",292,"WD",12,"M6","DAY","DAY1415","M61410WD","M6DAYWD","M6DAY1415WD","effet push-up",5985,1077.3,5.65,2.23,"ABB","ABB","LE SPA DE ",3,2,57978,"10",0,"70","0.0694229404"
14,"2014-04-17",426,"WD",12,"M6","DAY","DAY1415","M61410WD","M6DAYWD","M6DAY1415WD","la lingerie pour toutes les morpho",5985,1077.3,6.12,1.86,"ABF","ABF","PEPILLO L ",4,5,55755,"15",0,"75","0.0694229404"
14,"2014-04-30",363,"WD",20,"M6","DAY","DAY1415","M61410WD","M6DAYWD","M6DAY1415WD","effet sculptant",7290,1312.2,4.92,1.73,"ABA","ABA","ROBIN DES ",4,4,56368,"17",0,"68","0.0694229404"
14,"2014-04-26",137,"WE",12,"PuissanceTNT","DAY","DAY1415","PuissanceTNT1420WE","PuissanceTNTDAYWE","PuissanceTNTDAY1415WE","la chaussure pour toutes les morpho'",1806.9,325.242,0.33,0.5,"AC","AC","MODERN FAM",4,7,48655,"16",0,"89","0.0694229404"
14,"2014-04-23",216,"WD",20,"M6","DAY","DAY1415","M61410WD","M6DAYWD","M6DAY1415WD","effet sculptant",7290,1312.2,3.93,1.77,"ABA","ABA","MINI MACHO",4,4,55948,"16",0,"71","0.0694229404"
14,"2014-04-03",418,"WD",20,"M6","DAY","DAY1415","M61440WD","M6DAYWD","M6DAY1415WD","effet sculptant",8505,1530.9,4.05,1.54,"ABF","ABF","AMOUR MARI",4,5,57190,"13",0,"64","0.0694229404"
14,"2014-03-31",561,"WD",12,"M6","DAY","DAY1415","M61410WD","M6DAYWD","M6DAY1415WD","la chaussure pour toutes les morpho'",5985,1077.3,4.34,1.85,"ABF","ABF","UN MARI SU",3,2,56667,"13",0,"67","0.0694229404"
14,"2014-04-14",490,"WD",20,"M6","DAY","DAY1415","M61410WD","M6DAYWD","M6DAY1415WD","effet sculptant",8505,1530.9,6.03,2.21,"ABF","ABF","AMOUR RIME",4,2,55288,"15",0,"78","0.0694229404"
14,"2014-03-11",723,"WD",20,"M6","DAY","DAY1415","M61440WD","M6DAYWD","M6DAY1415WD","effet sculptant",8505,1530.9,5.49,1.56,"ABF","ABF","EN DETRESS",3,3,58143,"10",0,"72","0.0694229404"
14,"2014-04-18",412,"WD",20,"M6","DAY","DAY1415","M61410WD","M6DAYWD","M6DAY1415WD","effet sculptant",8505,1530.9,5.34,1.81,"ABF","ABF","PLUS JAMAI",4,6,55591,"15",2,"75","0.0694229404"
14,"2014-04-25",153,"WD",12,"PuissanceTNT","DAY","DAY1415","PuissanceTNT1350WD","PuissanceTNTDAYWD","PuissanceTNTDAY1415WD","la chaussure pour toutes les morpho'",1767,318.06,0.16,0.51,"A","A","LES SIMPSO",4,6,56006,"16",0,"65","0.0694229404"
14,"2014-04-25",518,"WD",12,"M6","DAY","DAY1415","M61440WD","M6DAYWD","M6DAY1415WD","la chaussure pour toutes les morpho'",4788,861.84,3.22,2.05,"ABF","ABF","LA PRINCES",4,6,54448,"16",0,"65","0.0694229404"
14,"2014-03-09",503,"WE",12,"M6","DAY","DAY1415","M61420WE","M6DAYWE","M6DAY1415WE","effet push-up",9405,1692.9,5.04,3.13,"EAJ","EAJ","MAISON A V",3,1,46047,"09",0,"81","0.0694229404"
14,"2014-03-17",287,"WD",12,"M6","DAY","DAY1415","M61410WD","M6DAYWD","M6DAY1415WD","effet push-up",5985,1077.3,4.9,1.88,"ABF","ABF","MARIA LA B",3,2,57996,"11",0,"71","0.0694229404"
14,"2014-03-12",410,"WD",20,"M6","DAY","DAY1415","M61410WD","M6DAYWD","M6DAY1415WD","effet sculptant",8505,1530.9,4.07,1.58,"ABF","ABF","L ECOLE DE",3,4,58958,"10",0,"71","0.0694229404"
14,"2014-04-21",292,"WD",12,"PuissanceTNT","DAY","DAY1415","PuissanceTNT1350WD","PuissanceTNTDAYWD","PuissanceTNTDAY1415WD","la lingerie pour toutes les morpho",1767,318.06,0,0.52,"A","A","LES SIMPSO",4,2,46085,"16",1,"91","0.0694229404"
14,"2014-04-30",311,"WD",12,"M6","DAY","DAY1415","M61440WD","M6DAYWD","M6DAY1415WD","la lingerie pour toutes les morpho",4788,861.84,4.71,1.45,"ABA","ABA","ROBIN DES ",4,4,54914,"17",0,"68","0.0694229404"
14,"2014-04-03",468,"WD",20,"M6","DAY","DAY1415","M61410WD","M6DAYWD","M6DAY1415WD","effet sculptant",8505,1530.9,3.43,1.69,"ABF","ABF","AMOUR MARI",4,5,58557,"13",0,"64","0.0694229404"
14,"2014-04-23",492,"WD",20,"M6","DAY","DAY1415","M61440WD","M6DAYWD","M6DAY1415WD","la terrasse",6804,1224.72,4.19,1.68,"ABA","ABA","MINI MACHO",4,4,54511,"16",0,"71","0.0694229404"
14,"2014-04-16",408,"WD",20,"M6","DAY","DAY1415","M61440WD","M6DAYWD","M6DAY1415WD","effet sculptant",8505,1530.9,4.53,1.82,"ABC","ABC","L ENFANT P",4,4,54956,"15",0,"73","0.0694229404"
14,"2014-03-24",553,"WD",12,"M6","DAY","DAY1415","M61410WD","M6DAYWD","M6DAY1415WD","la chaussure pour toutes les morpho'",5985,1077.3,5.82,2.15,"ABF","ABF","PIEGEE PAR",3,2,62820,"12",0,"60","0.0694229404"
14,"2014-03-26",863,"WD",20,"M6","DAY","DAY1415","M61440WD","M6DAYWD","M6DAY1415WD","effet sculptant",8505,1530.9,4.97,2.14,"ABF","ABF","RECHERCHE ",3,4,61930,"12",0,"63","0.0694229404"
14,"2014-03-30",923,"WE",20,"M6","DAY","DAY1415","M61450WE","M6DAYWE","M6DAY1415WE","la mode pour toutes les morpho",10692,1924.56,3.95,3.08,"EAJ","SPLIT","MAISON A V",3,1,45277,"12",0,"66","0.0694229404"
14,"2014-03-14",538,"WD",20,"M6","DAY","DAY1415","M61440WD","M6DAYWD","M6DAY1415WD","effet sculptant",8505,1530.9,2.25,1.54,"ABF","ABF","FAB FIVE L",3,6,55390,"10",0,"68","0.0694229404"
14,"2014-04-01",480,"WD",20,"M6","DAY","DAY1415","M61410WD","M6DAYWD","M6DAY1415WD","effet sculptant",8505,1530.9,4.14,2.06,"ABA","ABA","A QUOI PEN",4,3,56437,"13",0,"64","0.0694229404"
14,"2014-04-29",240,"WD",20,"PuissanceTNT","DAY","DAY1415","PuissanceTNT1420WD","PuissanceTNTDAYWD","PuissanceTNTDAY1415WD","effet sculptant",2349,422.82,0.32,0.37,"A","A","LES SIMPSO",4,3,55787,"17",0,"65","0.0694229404"
14,"2014-04-16",442,"WD",20,"M6","DAY","DAY1415","M61410WD","M6DAYWD","M6DAY1415WD","la terrasse",8505,1530.9,3.95,1.78,"ABC","ABC","L ENFANT P",4,4,56437,"15",0,"73","0.0694229404"
14,"2014-04-24",398,"WD",12,"M6","DAY","DAY1415","M61410WD","M6DAYWD","M6DAY1415WD","la chaussure pour toutes les morpho'",5130,923.4,5.66,1.77,"ABF","ABF","POUR UNE V",4,5,55509,"16",0,"77","0.0694229404"
14,"2014-04-22",376,"WD",12,"M6","DAY","DAY1415","M61440WD","M6DAYWD","M6DAY1415WD","la chaussure pour toutes les morpho'",4788,861.84,5.31,2.21,"ABF","ABF","UNE MARIEE",4,3,55336,"16",0,"73","0.0694229404"
14,"2014-03-28",437,"WD",20,"M6","DAY","DAY1415","M61440WD","M6DAYWD","M6DAY1415WD","la mode pour toutes les morpho",8505,1530.9,3.77,1.73,"ABB","ABB","PASSION TR",3,6,58265,"12",0,"64","0.0694229404"
14,"2014-03-13",414,"WD",20,"M6","DAY","DAY1415","M61410WD","M6DAYWD","M6DAY1415WD","effet sculptant",8505,1530.9,3.59,1.62,"ABF","ABF","ALLER-RETO",3,5,58535,"10",0,"71","0.0694229404"
14,"2014-04-29",191,"WD",12,"PuissanceTNT","DAY","DAY1415","PuissanceTNT1350WD","PuissanceTNTDAYWD","PuissanceTNTDAY1415WD","la chaussure pour toutes les morpho'",1767,318.06,0.03,0.31,"A","A","LES SIMPSO",4,3,57298,"17",0,"65","0.0694229404"
14,"2014-04-20",192,"WE",12,"PuissanceTNT","DAY","DAY1415","PuissanceTNT1350WE","PuissanceTNTDAYWE","PuissanceTNTDAY1415WE","la chaussure pour toutes les morpho'",1653,297.54,1.08,0.71,"A","A","LE SPA DE ",4,1,44996,"15",0,"84","0.0694229404"
14,"2014-03-26",655,"WD",20,"M6","DAY","DAY1415","M61410WD","M6DAYWD","M6DAY1415WD","effet sculptant",8505,1530.9,4.54,2.08,"ABF","ABF","RECHERCHE ",3,4,63405,"12",0,"63","0.0694229404"
14,"2014-03-28",397,"WD",12,"M6","DAY","DAY1415","M61410WD","M6DAYWD","M6DAY1415WD","la chaussure pour toutes les morpho'",5985,1077.3,3.16,1.75,"ABB","ABB","PASSION TR",3,6,60038,"12",0,"64","0.0694229404"
14,"2014-04-06",814,"WE",12,"M6","DAY","DAY1415","M61420WE","M6DAYWE","M6DAY1415WE","la chaussure pour toutes les morpho'",8835,1590.3,4.68,3.31,"EAJ","EAJ","MAISON A V",4,1,44271,"13",0,"86","0.0694229404"
14,"2014-04-02",402,"WD",20,"M6","DAY","DAY1415","M61410WD","M6DAYWD","M6DAY1415WD","effet sculptant",8505,1530.9,4.01,1.44,"ABA","ABA","MES ENFANT",4,4,56561,"13",0,"62","0.0694229404"
14,"2014-04-18",604,"WD",20,"M6","DAY","DAY1415","M61440WD","M6DAYWD","M6DAY1415WD","la terrasse",8505,1530.9,4.05,1.88,"ABF","ABF","PLUS JAMAI",4,6,54064,"15",2,"75","0.0694229404"
14,"2014-04-20",637,"WE",12,"M6","DAY","DAY1415","M61420WE","M6DAYWE","M6DAY1415WE","la lingerie pour toutes les morpho",6270,1128.6,4.13,2.41,"EAJ","EAJ","MAISON A V",4,1,44996,"15",0,"84","0.0694229404"
14,"2014-04-17",431,"WD",20,"M6","DAY","DAY1415","M61440WD","M6DAYWD","M6DAY1415WD","la terrasse",8505,1530.9,6.09,1.98,"ABF","ABF","PEPILLO L ",4,5,54325,"15",0,"75","0.0694229404"
14,"2014-03-25",769,"WD",20,"M6","DAY","DAY1415","M61410WD","M6DAYWD","M6DAY1415WD","la terrasse",8505,1530.9,4.69,1.89,"ABB","ABB","MYSTERIEUS",3,3,64965,"12",0,"65","0.0694229404"
14,"2014-03-23",873,"WE",20,"M6","DAY","DAY1415","M61450WE","M6DAYWE","M6DAY1415WE","effet sculptant",10935,1968.3,4.43,2.77,"EBL","EBL","ASTUCE DE ",3,1,50634,"11",0,"66","0.0694229404"
14,"2014-04-02",362,"WD",20,"M6","DAY","DAY1415","M61440WD","M6DAYWD","M6DAY1415WD","effet sculptant",8505,1530.9,3.23,1.34,"ABA","ABA","MES ENFANT",4,4,55104,"13",0,"62","0.0694229404"
15,"2014-03-11",386,"WD",20,"M6","DAY","DAY1415","M61515WD","M6DAYWD","M6DAY1415WD","la terrasse",5427,976.86,2.92,1.06,"ABF","SPLIT","EN DETRESS",3,3,56382,"10",0,"72","0.0693848337"
15,"2014-04-25",163,"WD",20,"M6","DAY","DAY1415","M61515WD","M6DAYWD","M6DAY1415WD","effet sculptant",4860,874.8,2.35,1.37,"ABF","SPLIT","LA PRINCES",4,6,53380,"16",0,"65","0.0693848337"
15,"2014-03-22",637,"WE",20,"M6","DAY","DAY1415","M61510WE","M6DAYWE","M6DAY1415WE","effet sculptant",8100,1458,2.95,1.74,"EAJ","EAJ","CAUCHEMAR ",3,7,52364,"11",0,"77","0.0693848337"
15,"2014-03-17",304,"WD",20,"M6","DAY","DAY1415","M61515WD","M6DAYWD","M6DAY1415WD","la terrasse",5427,976.86,2.25,1.06,"ABF","SPLIT","MARIA LA B",3,2,54690,"11",0,"71","0.0693848337"
15,"2014-04-23",351,"WD",12,"PuissanceTNT","DAY","DAY1415","PuissanceTNT1500WD","PuissanceTNTDAYWD","PuissanceTNTDAY1415WD","la lingerie pour toutes les morpho",1881,338.58,0,0.45,"A","A","LES SIMPSO",4,4,53679,"16",0,"71","0.0693848337"
15,"2014-04-29",302,"WD",20,"PuissanceTNT","DAY","DAY1415","PuissanceTNT1530WD","PuissanceTNTDAYWD","PuissanceTNTDAY1415WD","la terrasse",2389.5,430.11,0.64,0.66,"A","A","LES SIMPSO",4,3,54048,"17",0,"65","0.0693848337"
15,"2014-03-29",270,"WE",12,"M6","DAY","DAY1415","M61510WE","M6DAYWE","M6DAY1415WE","la chaussure pour toutes les morpho'",5700,1026,1.04,1.18,"EAJ","EAJ","CAUCHEMAR ",3,7,48072,"12",0,"77","0.0693848337"
15,"2014-04-18",185,"WD",20,"PuissanceTNT","DAY","DAY1415","PuissanceTNT1500WD","PuissanceTNTDAYWD","PuissanceTNTDAY1415WD","effet sculptant",2308.5,415.53,0.17,0.57,"A","A","LES SIMPSO",4,6,52990,"15",2,"75","0.0693848337"
15,"2014-03-31",253,"WD",20,"M6","DAY","DAY1415","M61515WD","M6DAYWD","M6DAY1415WD","la mode pour toutes les morpho",5670,1020.6,2.85,1.04,"ABF","SPLIT","UN MARI SU",3,2,54097,"13",0,"67","0.0693848337"
15,"2014-03-18",234,"WD",20,"M6","DAY","DAY1415","M61515WD","M6DAYWD","M6DAY1415WD","la terrasse",5427,976.86,1.99,1.02,"ABB","SPLIT","MON MARI C",3,3,57901,"11",0,"70","0.0693848337"
15,"2014-03-30",410,"WE",12,"M6","DAY","DAY1415","M61550WE","M6DAYWE","M6DAY1415WE","effet push-up",7410,1333.8,2.65,2.24,"EAL","EAL","RECHERCHE ",3,1,44251,"12",0,"66","0.0693848337"
15,"2014-04-25",171,"WD",12,"PuissanceTNT","DAY","DAY1415","PuissanceTNT1530WD","PuissanceTNTDAYWD","PuissanceTNTDAY1415WD","la lingerie pour toutes les morpho",1681.5,302.67,0.17,0.65,"A","A","LES SIMPSO",4,6,52753,"16",0,"65","0.0693848337"
15,"2014-04-23",193,"WD",12,"M6","DAY","DAY1415","M61515WD","M6DAYWD","M6DAY1415WD","la lingerie pour toutes les morpho",3420,615.6,1.9,1.08,"ABA","SPLIT","MINI MACHO",4,4,53679,"16",0,"71","0.0693848337"
15,"2014-03-21",106,"WD",12,"M6","DAY","DAY1415","M61515WD","M6DAYWD","M6DAY1415WD","effet push-up",3819,687.42,2.43,1.23,"ABB","SPLIT","LUNE DE MI",3,6,54409,"11",0,"62","0.0693848337"
15,"2014-04-22",150,"WD",12,"M6","DAY","DAY1415","M61530WD","M6DAYWD","M6DAY1415WD","la lingerie pour toutes les morpho",3306,595.08,2.41,0.93,"EBD","SPLIT","PLUS VITE ",4,3,53796,"16",0,"73","0.0693848337"
15,"2014-04-30",194,"WD",20,"M6","DAY","DAY1415","M61515WD","M6DAYWD","M6DAY1415WD","la terrasse",4860,874.8,3.22,1.07,"ABA","SPLIT","ROBIN DES ",4,4,52862,"17",0,"68","0.0693848337"
15,"2014-04-03",303,"WD",12,"M6","DAY","DAY1415","M61530WD","M6DAYWD","M6DAY1415WD","la chaussure pour toutes les morpho'",3705,666.9,2.63,1.06,"EBD","SPLIT","PLUS VITE ",4,5,55788,"13",0,"64","0.0693848337"
15,"2014-04-24",272,"WD",20,"M6","DAY","DAY1415","M61530WD","M6DAYWD","M6DAY1415WD","la terrasse",4698,845.64,3.18,0.87,"EBD","SPLIT","PLUS VITE ",4,5,52670,"16",0,"77","0.0693848337"
15,"2014-04-16",253,"WD",20,"M6","DAY","DAY1415","M61515WD","M6DAYWD","M6DAY1415WD","la terrasse",5670,1020.6,3.1,1.21,"ABC","SPLIT","L ENFANT P",4,4,53963,"15",0,"73","0.0693848337"
15,"2014-04-20",195,"WE",12,"PuissanceTNT","DAY","DAY1415","PuissanceTNT1540WE","PuissanceTNTDAYWE","PuissanceTNTDAY1415WE","la lingerie pour toutes les morpho",2280,410.4,2.22,0.81,"A","A","DANS L OMB",4,1,42605,"15",0,"84","0.0693848337"
15,"2014-04-23",230,"WD",20,"M6","DAY","DAY1415","M61530WD","M6DAYWD","M6DAY1415WD","effet sculptant",4698,845.64,1.82,0.89,"ABA","SPLIT","MINI MACHO",4,4,52946,"16",0,"71","0.0693848337"
15,"2014-04-27",375,"WE",12,"PuissanceTNT","DAY","DAY1415","PuissanceTNT1500WE","PuissanceTNTDAYWE","PuissanceTNTDAY1415WE","la chaussure pour toutes les morpho'",1784.1,321.138,0.57,0.93,"A","A","UNE VIE DE",4,1,43426,"16",0,"96","0.0693848337"
15,"2014-03-09",609,"WE",20,"M6","DAY","DAY1415","M61550WE","M6DAYWE","M6DAY1415WE","effet sculptant",10368,1866.24,2.79,1.81,"EBL","EBL","DECO - M6 ",3,1,42273,"09",0,"81","0.0693848337"
15,"2014-04-28",163,"WD",20,"M6","DAY","DAY1415","M61530WD","M6DAYWD","M6DAY1415WD","effet sculptant",4698,845.64,2.34,1.11,"EBD","SPLIT","PLUS VITE ",4,2,53914,"17",0,"69","0.0693848337"
15,"2014-04-04",128,"WD",12,"M6","DAY","DAY1415","M61530WD","M6DAYWD","M6DAY1415WD","la chaussure pour toutes les morpho'",3705,666.9,2.44,1.04,"EBD","SPLIT","PLUS VITE ",4,6,54169,"13",0,"71","0.0693848337"
15,"2014-03-27",115,"WD",12,"M6","DAY","DAY1415","M61515WD","M6DAYWD","M6DAY1415WD","effet push-up",3819,687.42,2.05,1.01,"ABB","SPLIT","DANGEREUSE",3,5,60253,"12",0,"63","0.0693848337"
15,"2014-04-03",378,"WD",12,"M6","DAY","DAY1415","M61515WD","M6DAYWD","M6DAY1415WD","la lingerie pour toutes les morpho",3990,718.2,2.69,1.14,"ABF","SPLIT","AMOUR MARI",4,5,56461,"13",0,"64","0.0693848337"
15,"2014-03-21",231,"WD",20,"M6","DAY","DAY1415","M61530WD","M6DAYWD","M6DAY1415WD","la terrasse",5022,903.96,1.72,0.97,"ABB","SPLIT","LUNE DE MI",3,6,54409,"11",0,"62","0.0693848337"
15,"2014-04-30",134,"WD",12,"PuissanceTNT","DAY","DAY1415","PuissanceTNT1500WD","PuissanceTNTDAYWD","PuissanceTNTDAY1415WD","la chaussure pour toutes les morpho'",1881,338.58,0.5,0.5,"A","A","LES SIMPSO",4,4,53910,"17",0,"68","0.0693848337"
15,"2014-04-07",278,"WD",12,"M6","DAY","DAY1415","M61515WD","M6DAYWD","M6DAY1415WD","la chaussure pour toutes les morpho'",3990,718.2,2.55,1.15,"ABF","SPLIT","LA FEMME I",4,2,52437,"14",0,"69","0.0693848337"
15,"2014-04-02",247,"WD",20,"M6","DAY","DAY1415","M61515WD","M6DAYWD","M6DAY1415WD","effet sculptant",5670,1020.6,2.8,1.08,"ABA","SPLIT","MES ENFANT",4,4,53272,"13",0,"62","0.0693848337"
15,"2014-04-17",144,"WD",20,"M6","DAY","DAY1415","M61530WD","M6DAYWD","M6DAY1415WD","effet sculptant",5265,947.7,2.78,1.07,"EBD","SPLIT","PLUS VITE ",4,5,52490,"15",0,"75","0.0693848337"
15,"2014-03-18",134,"WD",12,"M6","DAY","DAY1415","M61530WD","M6DAYWD","M6DAY1415WD","effet push-up",3534,636.12,1.79,0.93,"EBD","SPLIT","PLUS VITE ",3,3,57373,"11",0,"70","0.0693848337"
15,"2014-04-28",242,"WD",20,"PuissanceTNT","DAY","DAY1415","PuissanceTNT1500WD","PuissanceTNTDAYWD","PuissanceTNTDAY1415WD","effet sculptant",2308.5,415.53,0.19,0.59,"A","A","LES SIMPSO",4,2,54678,"17",0,"69","0.0693848337"
15,"2014-04-19",380,"WE",12,"M6","DAY","DAY1415","M61510WE","M6DAYWE","M6DAY1415WE","la chaussure pour toutes les morpho'",4332,779.76,1.81,1.15,"DDB","DDB","C EST MA V",4,7,47217,"15",0,"89","0.0693848337"
15,"2014-04-01",254,"WD",20,"M6","DAY","DAY1415","M61515WD","M6DAYWD","M6DAY1415WD","effet sculptant",5670,1020.6,2.46,1.29,"ABA","SPLIT","A QUOI PEN",4,3,53083,"13",0,"64","0.0693848337"
15,"2014-04-21",338,"WD",20,"PuissanceTNT","DAY","DAY1415","PuissanceTNT1500WD","PuissanceTNTDAYWD","PuissanceTNTDAY1415WD","la terrasse",2308.5,415.53,0,0.76,"A","A","LES SIMPSO",4,2,43524,"16",1,"91","0.0693848337"
15,"2014-03-17",248,"WD",12,"M6","DAY","DAY1415","M61530WD","M6DAYWD","M6DAY1415WD","la chaussure pour toutes les morpho'",3534,636.12,2.06,0.97,"EBD","SPLIT","PLUS VITE ",3,2,54690,"11",0,"71","0.0693848337"
15,"2014-03-19",304,"WD",20,"M6","DAY","DAY1415","M61515WD","M6DAYWD","M6DAY1415WD","effet sculptant",5427,976.86,1.9,0.84,"ABL","SPLIT","CHANTE DAN",3,4,54761,"11",0,"62","0.0693848337"
15,"2014-03-19",238,"WD",20,"M6","DAY","DAY1415","M61530WD","M6DAYWD","M6DAY1415WD","effet sculptant",5022,903.96,1.42,0.78,"EBD","SPLIT","PLUS VITE ",3,4,54761,"11",0,"62","0.0693848337"
15,"2014-04-24",234,"WD",20,"PuissanceTNT","DAY","DAY1415","PuissanceTNT1530WD","PuissanceTNTDAYWD","PuissanceTNTDAY1415WD","effet sculptant",2389.5,430.11,0.16,0.67,"A","A","LES SIMPSO",4,5,52670,"16",0,"77","0.0693848337"
15,"2014-04-22",175,"WD",12,"PuissanceTNT","DAY","DAY1415","PuissanceTNT1530WD","PuissanceTNTDAYWD","PuissanceTNTDAY1415WD","la lingerie pour toutes les morpho",1681.5,302.67,0.11,0.39,"J","J","LES SIMPSO",4,3,53796,"16",0,"73","0.0693848337"
15,"2014-04-14",252,"WD",12,"M6","DAY","DAY1415","M61530WD","M6DAYWD","M6DAY1415WD","la lingerie pour toutes les morpho",3705,666.9,2.98,1.29,"ABF","SPLIT","AMOUR RIME",4,2,51934,"15",0,"78","0.0693848337"
15,"2014-03-31",207,"WD",12,"M6","DAY","DAY1415","M61530WD","M6DAYWD","M6DAY1415WD","effet push-up",3705,666.9,1.8,0.85,"ABF","SPLIT","UN MARI SU",3,2,53173,"13",0,"67","0.0693848337"
15,"2014-03-20",234,"WD",20,"M6","DAY","DAY1415","M61530WD","M6DAYWD","M6DAY1415WD","effet sculptant",5022,903.96,2.71,0.88,"EBD","SPLIT","PLUS VITE ",3,5,53409,"11",0,"70","0.0693848337"
15,"2014-04-05",513,"WE",20,"M6","DAY","DAY1415","M61510WE","M6DAYWE","M6DAY1415WE","effet sculptant",6480,1166.4,1.68,1.09,"DDB","DDB","C EST MA V",4,7,46641,"13",0,"82","0.0693848337"
15,"2014-04-17",230,"WD",12,"M6","DAY","DAY1415","M61515WD","M6DAYWD","M6DAY1415WD","la chaussure pour toutes les morpho'",3990,718.2,3.39,1.28,"ABF","SPLIT","PEPILLO L ",4,5,53354,"15",0,"75","0.0693848337"
15,"2014-04-15",167,"WD",12,"M6","DAY","DAY1415","M61530WD","M6DAYWD","M6DAY1415WD","la lingerie pour toutes les morpho",3705,666.9,2.2,0.84,"EBD","SPLIT","PLUS VITE ",4,3,53191,"15",0,"78","0.0693848337"
15,"2014-04-25",265,"WD",20,"M6","DAY","DAY1415","M61530WD","M6DAYWD","M6DAY1415WD","la terrasse",4698,845.64,1.57,1.01,"EBD","SPLIT","PLUS VITE ",4,6,52753,"16",0,"65","0.0693848337"
15,"2014-04-15",190,"WD",20,"M6","DAY","DAY1415","M61515WD","M6DAYWD","M6DAY1415WD","effet sculptant",5670,1020.6,1.79,0.88,"ABF","SPLIT","POUR LES Y",4,3,53910,"15",0,"78","0.0693848337"
15,"2014-04-30",111,"WD",12,"PuissanceTNT","DAY","DAY1415","PuissanceTNT1530WD","PuissanceTNTDAYWD","PuissanceTNTDAY1415WD","la chaussure pour toutes les morpho'",1242.6,223.668,0.88,0.54,"A","A","LES SIMPSO",4,4,52862,"17",0,"68","0.0693848337"
16,"2014-04-03",641,"WD",20,"M6","DAY","DAY1617","M61640WD","M6DAYWD","M6DAY1617WD","effet sculptant",5670,1020.6,1.24,1.15,"CBB","CBB","LES REINES",4,5,54387,"13",0,"64","0.0745623736"
16,"2014-03-19",294,"WD",20,"M6","DAY","DAY1617","M61610WD","M6DAYWD","M6DAY1617WD","effet sculptant",4698,845.64,2.02,0.86,"ACA","ACA","WOMEN S MU",3,4,54020,"11",0,"62","0.0745623736"
16,"2014-04-22",567,"WD",12,"M6","DAY","DAY1617","M61640WD","M6DAYWD","M6DAY1617WD","la lingerie pour toutes les morpho",3876,697.68,1.76,1.15,"CBB","CBB","LES REINES",4,3,52071,"16",0,"73","0.0745623736"
16,"2014-04-07",585,"WD",12,"M6","DAY","DAY1617","M61640WD","M6DAYWD","M6DAY1617WD","la chaussure pour toutes les morpho'",3990,718.2,1.66,1,"CBB","CBB","LES REINES",4,2,50435,"14",0,"69","0.0745623736"
16,"2014-04-30",128,"WD",12,"PuissanceTNT","DAY","DAY1617","PuissanceTNT1610WD","PuissanceTNTDAYWD","PuissanceTNTDAY1617WD","la chaussure pour toutes les morpho'",1008.9,181.602,0.21,0.4,"A","A","LES SIMPSO",4,4,51967,"17",0,"68","0.0745623736"
16,"2014-03-31",584,"WD",12,"M6","DAY","DAY1617","M61640WD","M6DAYWD","M6DAY1617WD","la chaussure pour toutes les morpho'",3990,718.2,1.67,1.28,"CBB","CBB","LES REINES",3,2,51761,"13",0,"67","0.0745623736"
16,"2014-04-13",478,"WE",12,"M6","DAY","DAY1617","M61650WE","M6DAYWE","M6DAY1617WE","la chaussure pour toutes les morpho'",6840,1231.2,3.1,1.6,"EBL","EBL","DECO - M6 ",4,1,39399,"14",0,"77","0.0745623736"
16,"2014-04-22",357,"WD",20,"M6","DAY","DAY1617","M61610WD","M6DAYWD","M6DAY1617WD","la terrasse",4698,845.64,1.9,0.85,"ACC","ACC","HAWTHORNE:",4,3,52817,"16",0,"73","0.0745623736"
16,"2014-03-21",325,"WD",20,"M6","DAY","DAY1617","M61610WD","M6DAYWD","M6DAY1617WD","effet sculptant",4698,845.64,2.27,1.11,"ACA","ACA","WOMEN S MU",3,6,53818,"11",0,"62","0.0745623736"
16,"2014-03-27",656,"WD",20,"M6","DAY","DAY1617","M61640WD","M6DAYWD","M6DAY1617WD","effet sculptant",7776,1399.68,2.61,1.12,"CBB","CBB","LES REINES",3,5,58649,"12",0,"63","0.0745623736"
16,"2014-03-15",308,"WE",12,"M6","DAY","DAY1617","M61640WE","M6DAYWE","M6DAY1617WE","effet push-up",4845,872.1,2.24,1.38,"EAJ","EAJ","CAUCHEMAR ",3,7,48623,"10",0,"76","0.0745623736"
16,"2014-03-28",884,"WD",20,"M6","DAY","DAY1617","M61640WD","M6DAYWD","M6DAY1617WD","la mode pour toutes les morpho",7776,1399.68,2.78,1.14,"CBB","CBB","LES REINES",3,6,54876,"12",0,"64","0.0745623736"
16,"2014-04-30",495,"WD",12,"M6","DAY","DAY1617","M61640WD","M6DAYWD","M6DAY1617WD","la lingerie pour toutes les morpho",3876,697.68,2.2,1.2,"CBB","CBB","LES REINES",4,4,51300,"17",0,"68","0.0745623736"
16,"2014-04-13",404,"WE",12,"M6","DAY","DAY1617","M61620WE","M6DAYWE","M6DAY1617WE","la lingerie pour toutes les morpho",5985,1077.3,2.71,1.82,"EAL","SPLIT","RECHERCHE ",4,1,39805,"14",0,"77","0.0745623736"
16,"2014-04-12",347,"WE",20,"M6","DAY","DAY1617","M61710WE","M6DAYWE","M6DAY1617WE","la terrasse",6966,1253.88,0.86,0.69,"DDB","DDB","MUST CELEB",4,7,42559,"14",0,"79","0.0745623736"
16,"2014-03-11",627,"WD",20,"M6","DAY","DAY1617","M61640WD","M6DAYWD","M6DAY1617WD","effet sculptant",7776,1399.68,2.25,0.84,"CBB","CBB","LES REINES",3,3,55398,"10",0,"72","0.0745623736"
16,"2014-04-14",420,"WD",12,"M6","DAY","DAY1617","M61640WD","M6DAYWD","M6DAY1617WD","la chaussure pour toutes les morpho'",3990,718.2,2.59,1.07,"CBB","CBB","LES REINES",4,2,50348,"15",0,"78","0.0745623736"
16,"2014-04-26",145,"WE",12,"PuissanceTNT","DAY","DAY1617","PuissanceTNT1700WE","PuissanceTNTDAYWE","PuissanceTNTDAY1617WE","la lingerie pour toutes les morpho",2034.9,366.282,0.11,0.5,"ACC","ACC","GLEE:LE LE",4,7,44581,"16",0,"89","0.0745623736"
16,"2014-04-25",241,"WD",12,"M6","DAY","DAY1617","M61610WD","M6DAYWD","M6DAY1617WD","la lingerie pour toutes les morpho",3306,595.08,1.99,1.05,"ACC","ACC","HAWTHORNE:",4,6,51722,"16",0,"65","0.0745623736"
16,"2014-04-08",327,"WD",20,"M6","DAY","DAY1617","M61610WD","M6DAYWD","M6DAY1617WD","effet sculptant",4212,758.16,1.36,0.73,"ACC","ACC","DR EMILY O",4,3,53081,"14",0,"70","0.0745623736"
16,"2014-04-15",435,"WD",12,"M6","DAY","DAY1617","M61640WD","M6DAYWD","M6DAY1617WD","la lingerie pour toutes les morpho",3990,718.2,2.4,1,"CBB","CBB","LES REINES",4,3,51705,"15",0,"78","0.0745623736"
16,"2014-04-03",390,"WD",12,"M6","DAY","DAY1617","M61610WD","M6DAYWD","M6DAY1617WD","la chaussure pour toutes les morpho'",2964,533.52,2.07,1.01,"ACC","ACC","DR EMILY O",4,5,55183,"13",0,"64","0.0745623736"
16,"2014-03-18",245,"WD",20,"M6","DAY","DAY1617","M61610WD","M6DAYWD","M6DAY1617WD","effet sculptant",4698,845.64,1.7,0.89,"ACA","ACA","WOMEN S MU",3,3,56982,"11",0,"70","0.0745623736"
16,"2014-04-17",420,"WD",20,"M6","DAY","DAY1617","M61640WD","M6DAYWD","M6DAY1617WD","la terrasse",5670,1020.6,3.03,0.91,"CBB","CBB","LES REINES",4,5,50822,"15",0,"75","0.0745623736"
16,"2014-04-18",256,"WD",12,"M6","DAY","DAY1617","M61610WD","M6DAYWD","M6DAY1617WD","la lingerie pour toutes les morpho",2964,533.52,1.15,0.96,"ACC","ACC","HAWTHORNE:",4,6,51335,"15",2,"75","0.0745623736"
16,"2014-04-02",381,"WD",20,"M6","DAY","DAY1617","M61610WD","M6DAYWD","M6DAY1617WD","effet sculptant",4212,758.16,3.38,1.14,"ACC","ACC","DR EMILY O",4,4,52648,"13",0,"62","0.0745623736"
16,"2014-04-06",853,"WE",20,"M6","DAY","DAY1617","M61610WE","M6DAYWE","M6DAY1617WE","effet sculptant",9720,1749.6,3.1,2.07,"EAL","EAL","RECHERCHE ",4,1,40528,"13",0,"86","0.0745623736"
16,"2014-04-11",192,"WD",12,"M6","DAY","DAY1617","M61610WD","M6DAYWD","M6DAY1617WD","la chaussure pour toutes les morpho'",2964,533.52,1.52,0.76,"ACC","ACC","HAWTHORNE:",4,6,50125,"14",0,"67","0.0745623736"
16,"2014-04-24",765,"WD",20,"M6","DAY","DAY1617","M61640WD","M6DAYWD","M6DAY1617WD","la terrasse",5508,991.44,2.07,1.01,"CBB","CBB","LES REINES",4,5,51096,"16",0,"77","0.0745623736"
16,"2014-04-29",573,"WD",12,"M6","DAY","DAY1617","M61640WD","M6DAYWD","M6DAY1617WD","la chaussure pour toutes les morpho'",3876,697.68,2.83,1.27,"CBB","CBB","LES REINES",4,3,52850,"17",0,"65","0.0745623736"
16,"2014-04-22",180,"WD",12,"PuissanceTNT","DAY","DAY1617","PuissanceTNT1610WD","PuissanceTNTDAYWD","PuissanceTNTDAY1617WD","la chaussure pour toutes les morpho'",1008.9,181.602,0.17,0.49,"J","J","LES SIMPSO",4,3,52817,"16",0,"73","0.0745623736"
16,"2014-03-17",663,"WD",20,"M6","DAY","DAY1617","M61640WD","M6DAYWD","M6DAY1617WD","effet sculptant",7776,1399.68,1.73,1.25,"CBB","CBB","LES REINES",3,2,53344,"11",0,"71","0.0745623736"
16,"2014-04-04",631,"WD",20,"M6","DAY","DAY1617","M61640WD","M6DAYWD","M6DAY1617WD","effet sculptant",5670,1020.6,2.17,1.07,"CBB","CBB","LES REINES",4,6,52769,"13",0,"71","0.0745623736"
16,"2014-04-23",271,"WD",12,"M6","DAY","DAY1617","M61610WD","M6DAYWD","M6DAY1617WD","la lingerie pour toutes les morpho",3306,595.08,2.33,1.01,"ACC","ACC","HAWTHORNE:",4,4,52102,"16",0,"71","0.0745623736"
16,"2014-03-14",708,"WD",20,"M6","DAY","DAY1617","M61640WD","M6DAYWD","M6DAY1617WD","effet sculptant",7776,1399.68,1.35,0.99,"CBB","CBB","LES REINES",3,6,52071,"10",0,"68","0.0745623736"
16,"2014-03-20",253,"WD",20,"M6","DAY","DAY1617","M61610WD","M6DAYWD","M6DAY1617WD","effet sculptant",4698,845.64,3.04,0.86,"ACA","ACA","WOMEN S MU",3,5,52714,"11",0,"70","0.0745623736"
16,"2014-04-29",297,"WD",20,"M6","DAY","DAY1617","M61610WD","M6DAYWD","M6DAY1617WD","la terrasse",4698,845.64,1.86,1.02,"ACC","ACC","HAWTHORNE:",4,3,53353,"17",0,"65","0.0745623736"
16,"2014-04-19",222,"WE",12,"PuissanceTNT","DAY","DAY1617","PuissanceTNT1700WE","PuissanceTNTDAYWE","PuissanceTNTDAY1617WE","la lingerie pour toutes les morpho",2034.9,366.282,0.51,0.51,"ACC","ACC","GLEE:OPERA",4,7,45157,"15",0,"89","0.0745623736"
16,"2014-03-25",707,"WD",20,"M6","DAY","DAY1617","M61640WD","M6DAYWD","M6DAY1617WD","effet sculptant",7776,1399.68,2.2,1.19,"CBB","CBB","LES REINES",3,3,61293,"12",0,"65","0.0745623736"
16,"2014-04-24",165,"WD",12,"PuissanceTNT","DAY","DAY1617","PuissanceTNT1610WD","PuissanceTNTDAYWD","PuissanceTNTDAY1617WD","la chaussure pour toutes les morpho'",1008.9,181.602,0.18,0.66,"J","J","LES SIMPSO",4,5,51950,"16",0,"77","0.0745623736"
16,"2014-03-16",288,"WE",12,"M6","DAY","DAY1617","M61610WE","M6DAYWE","M6DAY1617WE","effet push-up",7125,1282.5,2.72,1.64,"EBL","EBL","ASTUCE DE ",3,1,41475,"10",0,"81","0.0745623736"
16,"2014-04-27",540,"WE",12,"M6","DAY","DAY1617","M61650WE","M6DAYWE","M6DAY1617WE","la chaussure pour toutes les morpho'",4845,872.1,3.21,1.66,"EBL","EBL","DECO - M6 ",4,1,41922,"16",0,"96","0.0745623736"
16,"2014-04-01",304,"WD",20,"M6","DAY","DAY1617","M61610WD","M6DAYWD","M6DAY1617WD","effet sculptant",4212,758.16,2.02,1.07,"ACC","ACC","DR EMILY O",4,3,52218,"13",0,"64","0.0745623736"
16,"2014-04-24",318,"WD",20,"M6","DAY","DAY1617","M61610WD","M6DAYWD","M6DAY1617WD","effet sculptant",4698,845.64,1.31,0.83,"ACC","ACC","HAWTHORNE:",4,5,51950,"16",0,"77","0.0745623736"
17,"2014-04-04",335,"WD",20,"M6","DAY","DAY1617","M61805WD","M6DAYWD","M6DAY1617WD","effet sculptant",7128,1283.04,1.52,0.81,"EBD","SPLIT","PLUS VITE ",4,6,52922,"13",0,"71","0.0888548690"
17,"2014-04-01",342,"WD",20,"M6","DAY","DAY1617","M61805WD","M6DAYWD","M6DAY1617WD","effet sculptant",7128,1283.04,1.98,1.04,"EBD","SPLIT","PLUS VITE ",4,3,51214,"13",0,"64","0.0888548690"
17,"2014-03-26",544,"WD",20,"M6","DAY","DAY1617","M61805WD","M6DAYWD","M6DAY1617WD","effet sculptant",6885,1239.3,3.2,1.29,"EBD","SPLIT","PLUS VITE ",3,4,60745,"12",0,"63","0.0888548690"
17,"2014-04-20",258,"WE",12,"PuissanceTNT","DAY","DAY1617","PuissanceTNT1800WE","PuissanceTNTDAYWE","PuissanceTNTDAY1617WE","la lingerie pour toutes les morpho",3807.6,685.368,0.76,0.37,"J","SPLIT","PLUS VITE ",4,1,41618,"15",0,"84","0.0888548690"
17,"2014-04-29",84,"WD",12,"PuissanceTNT","DAY","DAY1617","PuissanceTNT1710WD","PuissanceTNTDAYWD","PuissanceTNTDAY1617WD","la chaussure pour toutes les morpho'",1293.9,232.902,0.04,0.37,"J","J","LES SIMPSO",4,3,52414,"17",0,"65","0.0888548690"
17,"2014-04-02",874,"WD",20,"M6","DAY","DAY1617","M61710WD","M6DAYWD","M6DAY1617WD","effet sculptant",7128,1283.04,2.79,1.43,"CBB","CBB","LES REINES",4,4,51661,"13",0,"62","0.0888548690"
17,"2014-04-30",588,"WD",12,"M6","DAY","DAY1617","M61710WD","M6DAYWD","M6DAY1617WD","la chaussure pour toutes les morpho'",4902,882.36,2.71,1.58,"CBB","CBB","LES REINES",4,4,50752,"17",0,"68","0.0888548690"
17,"2014-03-13",867,"WD",20,"M6","DAY","DAY1617","M61710WD","M6DAYWD","M6DAY1617WD","effet sculptant",9720,1749.6,2.41,1.2,"CBB","CBB","LES REINES",3,5,53574,"10",0,"71","0.0888548690"
17,"2014-03-15",315,"WE",20,"M6","DAY","DAY1617","M61800WE","M6DAYWE","M6DAY1617WE","effet sculptant",5832,1049.76,1.71,0.97,"EBL","SPLIT","ASTUCE DE ",3,7,48733,"10",0,"76","0.0888548690"
17,"2014-04-23",721,"WD",12,"M6","DAY","DAY1617","M61710WD","M6DAYWD","M6DAY1617WD","la lingerie pour toutes les morpho",4902,882.36,2.53,1.45,"CBB","CBB","LES REINES",4,4,51043,"16",0,"71","0.0888548690"
17,"2014-04-04",963,"WD",12,"M6","DAY","DAY1617","M61710WD","M6DAYWD","M6DAY1617WD","la lingerie pour toutes les morpho",5016,902.88,2.9,1.53,"CBB","CBB","LES REINES",4,6,52639,"13",0,"71","0.0888548690"
17,"2014-04-25",393,"WD",20,"M6","DAY","DAY1617","M61830WD","M6DAYWD","M6DAY1617WD","effet sculptant",7695,1385.1,2.26,1.38,"CBB","CBB","LA MEILLEU",4,6,50957,"16",0,"65","0.0888548690"
17,"2014-03-09",420,"WE",12,"M6","DAY","DAY1617","M61740WE","M6DAYWE","M6DAY1617WE","la chaussure pour toutes les morpho'",6726,1210.68,2.09,1.37,"EBF","SPLIT","L ODYSSEE ",3,1,41761,"09",0,"81","0.0888548690"
17,"2014-04-18",413,"WD",20,"M6","DAY","DAY1617","M61805WD","M6DAYWD","M6DAY1617WD","la terrasse",7128,1283.04,1.45,1.1,"J","SPLIT","ALERTE ENL",4,6,50404,"15",2,"75","0.0888548690"
17,"2014-04-18",191,"WD",12,"PuissanceTNT","DAY","DAY1617","PuissanceTNT1710WD","PuissanceTNTDAYWD","PuissanceTNTDAY1617WD","la lingerie pour toutes les morpho",1362.3,245.214,0.18,0.52,"A","A","LES SIMPSO",4,6,50404,"15",2,"75","0.0888548690"
17,"2014-03-27",1142,"WD",20,"M6","DAY","DAY1617","M61710WD","M6DAYWD","M6DAY1617WD","la terrasse",9720,1749.6,3.45,1.62,"CBB","CBB","LES REINES",3,5,58735,"12",0,"63","0.0888548690"
17,"2014-04-21",203,"WD",12,"PuissanceTNT","DAY","DAY1617","PuissanceTNT1710WD","PuissanceTNTDAYWD","PuissanceTNTDAY1617WD","la chaussure pour toutes les morpho'",1806.9,325.242,0.49,0.65,"A","A","LES ENFANT",4,2,42762,"16",1,"91","0.0888548690"
17,"2014-03-25",455,"WD",20,"M6","DAY","DAY1617","M61805WD","M6DAYWD","M6DAY1617WD","effet sculptant",6885,1239.3,2.36,1.1,"EBD","SPLIT","PLUS VITE ",3,3,62078,"12",0,"65","0.0888548690"
17,"2014-04-16",707,"WD",12,"M6","DAY","DAY1617","M61710WD","M6DAYWD","M6DAY1617WD","la lingerie pour toutes les morpho",5016,902.88,2.64,1.4,"CBB","CBB","LES REINES",4,4,51177,"15",0,"73","0.0888548690"
17,"2014-04-19",231,"WE",20,"M6","DAY","DAY1617","M61800WE","M6DAYWE","M6DAY1617WE","effet sculptant",6885,1239.3,1.43,0.72,"EBL","SPLIT","ASTUCE DE ",4,7,45162,"15",0,"89","0.0888548690"
17,"2014-03-11",1151,"WD",20,"M6","DAY","DAY1617","M61710WD","M6DAYWD","M6DAY1617WD","effet sculptant",9720,1749.6,2.54,1.26,"CBB","CBB","LES REINES",3,3,55620,"10",0,"72","0.0888548690"
17,"2014-03-22",424,"WE",20,"M6","DAY","DAY1617","M61800WE","M6DAYWE","M6DAY1617WE","la terrasse",5832,1049.76,1.08,1.3,"EBL","SPLIT","ASTUCE DE ",3,7,51264,"11",0,"77","0.0888548690"
17,"2014-04-30",95,"WD",12,"PuissanceTNT","DAY","DAY1617","PuissanceTNT1800WD","PuissanceTNTDAYWD","PuissanceTNTDAY1617WD","la chaussure pour toutes les morpho'",1995,359.1,0.36,0.33,"ACC","ACC","GLEE:FANTA",4,4,50714,"17",0,"68","0.0888548690"
17,"2014-04-24",380,"WD",20,"M6","DAY","DAY1617","M61830WD","M6DAYWD","M6DAY1617WD","effet sculptant",7695,1385.1,1.93,1.21,"CBB","CBB","LA MEILLEU",4,5,51112,"16",0,"77","0.0888548690"
17,"2014-03-28",444,"WD",20,"M6","DAY","DAY1617","M61805WD","M6DAYWD","M6DAY1617WD","la mode pour toutes les morpho",6885,1239.3,2.41,0.78,"CBB","SPLIT","LES REINES",3,6,55792,"12",0,"64","0.0888548690"
17,"2014-04-27",734,"WE",12,"M6","DAY","DAY1617","M61810WE","M6DAYWE","M6DAY1617WE","la lingerie pour toutes les morpho",7695,1385.1,3.39,1.88,"DDB","DDB","66 MINUTES",4,1,42133,"16",0,"96","0.0888548690"
17,"2014-04-28",112,"WD",12,"PuissanceTNT","DAY","DAY1617","PuissanceTNT1710WD","PuissanceTNTDAYWD","PuissanceTNTDAY1617WD","la chaussure pour toutes les morpho'",1293.9,232.902,0,0.3,"J","J","LES SIMPSO",4,2,51837,"17",0,"69","0.0888548690"
17,"2014-04-16",312,"WD",12,"M6","DAY","DAY1617","M61805WD","M6DAYWD","M6DAY1617WD","la chaussure pour toutes les morpho'",5016,902.88,1.22,1.07,"EBD","SPLIT","PLUS VITE ",4,4,51238,"15",0,"73","0.0888548690"
17,"2014-03-26",1486,"WD",20,"M6","DAY","DAY1617","M61710WD","M6DAYWD","M6DAY1617WD","la terrasse",9720,1749.6,3.6,1.71,"CBB","CBB","LES REINES",3,4,59920,"12",0,"63","0.0888548690"
17,"2014-03-25",896,"WD",20,"M6","DAY","DAY1617","M61710WD","M6DAYWD","M6DAY1617WD","effet sculptant",9720,1749.6,3.72,1.53,"CBB","CBB","LES REINES",3,3,61409,"12",0,"65","0.0888548690"
17,"2014-03-28",1190,"WD",20,"M6","DAY","DAY1617","M61710WD","M6DAYWD","M6DAY1617WD","la mode pour toutes les morpho",9720,1749.6,3.42,1.6,"CBB","CBB","LES REINES",3,6,54946,"12",0,"64","0.0888548690"
17,"2014-03-27",298,"WD",20,"M6","DAY","DAY1617","M61805WD","M6DAYWD","M6DAY1617WD","effet sculptant",6885,1239.3,2.02,1.16,"EBD","SPLIT","PLUS VITE ",3,5,58735,"12",0,"63","0.0888548690"
17,"2014-04-17",270,"WD",20,"M6","DAY","DAY1617","M61805WD","M6DAYWD","M6DAY1617WD","effet sculptant",7128,1283.04,1.67,0.76,"EBD","SPLIT","PLUS VITE ",4,5,50327,"15",0,"75","0.0888548690"
17,"2014-03-12",1144,"WD",20,"M6","DAY","DAY1617","M61710WD","M6DAYWD","M6DAY1617WD","effet sculptant",9720,1749.6,2.75,1.59,"CBB","CBB","LES REINES",3,4,53883,"10",0,"71","0.0888548690"
17,"2014-03-14",1008,"WD",20,"M6","DAY","DAY1617","M61710WD","M6DAYWD","M6DAY1617WD","la terrasse",9720,1749.6,2.26,1.35,"CBB","CBB","LES REINES",3,6,52124,"10",0,"68","0.0888548690"
17,"2014-04-28",687,"WD",12,"M6","DAY","DAY1617","M61710WD","M6DAYWD","M6DAY1617WD","la lingerie pour toutes les morpho",4902,882.36,3.65,1.57,"CBB","CBB","LES REINES",4,2,51837,"17",0,"69","0.0888548690"
17,"2014-04-26",185,"WE",12,"M6","DAY","DAY1617","M61800WE","M6DAYWE","M6DAY1617WE","la chaussure pour toutes les morpho'",3705,666.9,0.98,0.62,"EBL","SPLIT","ASTUCE DE ",4,7,44563,"16",0,"89","0.0888548690"
17,"2014-04-11",728,"WD",20,"M6","DAY","DAY1617","M61710WD","M6DAYWD","M6DAY1617WD","effet sculptant",7128,1283.04,2.88,1.33,"CBB","CBB","LES REINES",4,6,49225,"14",0,"67","0.0888548690"
17,"2014-04-11",336,"WD",20,"M6","DAY","DAY1617","M61830WD","M6DAYWD","M6DAY1617WD","la terrasse",9153,1647.54,1.89,0.8,"CBB","CBB","MON BISTRO",4,6,49530,"14",0,"67","0.0888548690"
18,"2014-04-21",807,"WD",20,"M6","ACCESS","ACCESS18","M61830WD","M6ACCESSWD","M6ACCESS18WD","la terrasse",8910,1603.8,3.9,2.04,"CBB","CBB","LA MEILLEU",4,2,43970,"16",1,"91","0.0860026658"
18,"2014-03-12",646,"WD",12,"M6","ACCESS","ACCESS18","M61900WD","M6ACCESSWD","M6ACCESS18WD","la chaussure pour toutes les morpho'",7410,1333.8,4.23,2.02,"CBA","CBA","UN DINER P",3,4,61502,"10",0,"71","0.0860026658"
18,"2014-03-28",288,"WD",12,"M6","ACCESS","ACCESS18","M61900WD","M6ACCESSWD","M6ACCESS18WD","effet push-up",7410,1333.8,2.3,1.58,"CBA","CBA","UN DINER P",3,6,59704,"12",0,"64","0.0860026658"
18,"2014-03-17",293,"WD",12,"M6","ACCESS","ACCESS18","M61900WD","M6ACCESSWD","M6ACCESS18WD","effet push-up",7410,1333.8,3.77,1.74,"CBA","CBA","UN DINER P",3,2,59448,"11",0,"71","0.0860026658"
18,"2014-04-26",421,"WE",12,"PuissanceTNT","ACCESS","ACCESS18","PuissanceTNT1910WE","PuissanceTNTACCESSWE","PuissanceTNTACCESS18WE","la lingerie pour toutes les morpho",4531.5,815.67,0.37,1,"A","A","SODA+LES A",4,7,47416,"16",0,"89","0.0860026658"
18,"2014-03-15",835,"WE",20,"M6","ACCESS","ACCESS18","M61830WE","M6ACCESSWE","M6ACCESS18WE","effet sculptant",8586,1545.48,1.28,1.38,"DDB","DDB","MUST CELEB",3,7,51494,"10",0,"76","0.0860026658"
18,"2014-04-29",352,"WD",20,"M6","ACCESS","ACCESS18","M61830WD","M6ACCESSWD","M6ACCESS18WD","effet sculptant",7695,1385.1,2.51,1.57,"CBB","CBB","LA MEILLEU",4,3,53391,"17",0,"65","0.0860026658"
18,"2014-04-25",254,"WD",20,"PuissanceTNT","ACCESS","ACCESS18","PuissanceTNT1820WD","PuissanceTNTACCESSWD","PuissanceTNTACCESS18WD","la terrasse",2932.2,527.796,0.31,0.49,"J","J","LES MARSEI",4,6,51387,"16",0,"65","0.0860026658"
18,"2014-04-28",261,"WD",20,"PuissanceTNT","ACCESS","ACCESS18","PuissanceTNT1820WD","PuissanceTNTACCESSWD","PuissanceTNTACCESS18WD","la terrasse",2932.2,527.796,0.23,0.41,"J","J","LES MARSEI",4,2,52506,"17",0,"69","0.0860026658"
18,"2014-03-12",552,"WD",20,"M6","ACCESS","ACCESS18","M61830WD","M6ACCESSWD","M6ACCESS18WD","la terrasse",8505,1530.9,2.84,1.33,"CBA","CBA","UN DINER P",3,4,56718,"10",0,"71","0.0860026658"
18,"2014-04-29",105,"WD",12,"PuissanceTNT","ACCESS","ACCESS18","PuissanceTNT1820WD","PuissanceTNTACCESSWD","PuissanceTNTACCESS18WD","la chaussure pour toutes les morpho'",2063.4,371.412,0.46,0.43,"J","J","LES MARSEI",4,3,53391,"17",0,"65","0.0860026658"
18,"2014-04-19",253,"WE",12,"M6","ACCESS","ACCESS18","M61830WE","M6ACCESSWE","M6ACCESS18WE","la lingerie pour toutes les morpho",5130,923.4,0.32,0.77,"CD","CD","Y A QUE LE",4,7,46381,"15",0,"89","0.0860026658"
18,"2014-03-10",532,"WD",12,"M6","ACCESS","ACCESS18","M61900WD","M6ACCESSWD","M6ACCESS18WD","la chaussure pour toutes les morpho'",7410,1333.8,3.91,1.97,"CBA","CBA","UN DINER P",3,2,61167,"10",0,"70","0.0860026658"
18,"2014-04-25",314,"WD",12,"M6","ACCESS","ACCESS18","M61900WD","M6ACCESSWD","M6ACCESS18WD","la chaussure pour toutes les morpho'",7125,1282.5,2.79,1.88,"CBB","CBB","LA MEILLEU",4,6,52175,"16",0,"65","0.0860026658"
18,"2014-04-18",375,"WD",12,"M6","ACCESS","ACCESS18","M61900WD","M6ACCESSWD","M6ACCESS18WD","la chaussure pour toutes les morpho'",7695,1385.1,3.61,1.66,"CBA","CBA","UN DINER P",4,6,52179,"15",2,"75","0.0860026658"
18,"2014-04-18",522,"WD",20,"PuissanceTNT","ACCESS","ACCESS18","PuissanceTNT1850WD","PuissanceTNTACCESSWD","PuissanceTNTACCESS18WD","la terrasse",5346,962.28,0.91,0.95,"J","J","LES MARSEI",4,6,52179,"15",2,"75","0.0860026658"
18,"2014-03-30",885,"WE",12,"M6","ACCESS","ACCESS18","M61910WE","M6ACCESSWE","M6ACCESS18WE","la chaussure pour toutes les morpho'",10602,1908.36,3.41,2.43,"DDB","SPLIT","66 MINUTES",3,1,46527,"12",0,"66","0.0860026658"
18,"2014-03-14",600,"WD",20,"M6","ACCESS","ACCESS18","M61830WD","M6ACCESSWD","M6ACCESS18WD","effet sculptant",8505,1530.9,2.86,1.58,"CBA","CBA","UN DINER P",3,6,54764,"10",0,"68","0.0860026658"
18,"2014-04-17",330,"WD",12,"M6","ACCESS","ACCESS18","M61830WD","M6ACCESSWD","M6ACCESS18WD","la chaussure pour toutes les morpho'",6441,1159.38,1.5,1.16,"CBA","CBA","UN DINER P",4,5,50999,"15",0,"75","0.0860026658"
18,"2014-04-17",284,"WD",12,"M6","ACCESS","ACCESS18","M61900WD","M6ACCESSWD","M6ACCESS18WD","la lingerie pour toutes les morpho",7695,1385.1,2.99,1.42,"CBA","CBA","UN DINER P",4,5,52278,"15",0,"75","0.0860026658"
18,"2014-04-28",631,"WD",20,"M6","ACCESS","ACCESS18","M61830WD","M6ACCESSWD","M6ACCESS18WD","la terrasse",7695,1385.1,2.62,1.74,"CBB","CBB","LA MEILLEU",4,2,52506,"17",0,"69","0.0860026658"
18,"2014-04-02",409,"WD",20,"M6","ACCESS","ACCESS18","M61830WD","M6ACCESSWD","M6ACCESS18WD","effet sculptant",7938,1428.84,3.47,1.53,"CBA","CBA","UN DINER P",4,4,52965,"13",0,"62","0.0860026658"
18,"2014-04-24",317,"WD",12,"M6","ACCESS","ACCESS18","M61900WD","M6ACCESSWD","M6ACCESS18WD","la lingerie pour toutes les morpho",7125,1282.5,2.19,1.7,"CBB","CBB","LA MEILLEU",4,5,53211,"16",0,"77","0.0860026658"
18,"2014-04-10",280,"WD",12,"M6","ACCESS","ACCESS18","M61900WD","M6ACCESSWD","M6ACCESS18WD","la chaussure pour toutes les morpho'",7695,1385.1,1.74,1.11,"CBB","CBB","MON BISTRO",4,5,52483,"14",0,"66","0.0860026658"
18,"2014-03-16",842,"WE",12,"M6","ACCESS","ACCESS18","M61910WE","M6ACCESSWE","M6ACCESS18WE","la chaussure pour toutes les morpho'",11172,2010.96,4.49,2.41,"DDB","SPLIT","66 MINUTES",3,1,48901,"10",0,"81","0.0860026658"
18,"2014-04-06",797,"WE",20,"M6","ACCESS","ACCESS18","M61910WE","M6ACCESSWE","M6ACCESS18WE","effet sculptant",13770,2478.6,3.33,2.17,"DDB","SPLIT","66 MINUTES",4,1,43440,"13",0,"86","0.0860026658"
18,"2014-04-20",461,"WE",20,"PuissanceTNT","ACCESS","ACCESS18","PuissanceTNT1820WE","PuissanceTNTACCESSWE","PuissanceTNTACCESS18WE","la terrasse",6156,1108.08,0.71,0.51,"AC","AC","SODA+DESPE",4,1,42543,"15",0,"84","0.0860026658"
18,"2014-04-28",586,"WD",12,"M6","ACCESS","ACCESS18","M61900WD","M6ACCESSWD","M6ACCESS18WD","la lingerie pour toutes les morpho",7125,1282.5,3.38,1.93,"CBB","CBB","LA MEILLEU",4,2,52506,"17",0,"69","0.0860026658"
18,"2014-04-15",385,"WD",20,"M6","ACCESS","ACCESS18","M61830WD","M6ACCESSWD","M6ACCESS18WD","la terrasse",9153,1647.54,1.52,1.2,"CBA","CBA","UN DINER P",4,3,51955,"15",0,"78","0.0860026658"
18,"2014-04-23",341,"WD",12,"M6","ACCESS","ACCESS18","M61900WD","M6ACCESSWD","M6ACCESS18WD","la lingerie pour toutes les morpho",7125,1282.5,3.42,1.82,"CBB","CBB","LA MEILLEU",4,4,53390,"16",0,"71","0.0860026658"
18,"2014-03-11",384,"WD",20,"M6","ACCESS","ACCESS18","M61830WD","M6ACCESSWD","M6ACCESS18WD","effet sculptant",8505,1530.9,2.18,1.25,"CBA","CBA","UN DINER P",3,3,58494,"10",0,"72","0.0860026658"
18,"2014-04-22",600,"WD",12,"M6","ACCESS","ACCESS18","M61900WD","M6ACCESSWD","M6ACCESS18WD","la lingerie pour toutes les morpho",7125,1282.5,3.12,2,"CBB","CBB","LA MEILLEU",4,3,53738,"16",0,"73","0.0860026658"
18,"2014-04-18",208,"WD",12,"PuissanceTNT","ACCESS","ACCESS18","PuissanceTNT1820WD","PuissanceTNTACCESSWD","PuissanceTNTACCESS18WD","la chaussure pour toutes les morpho'",2223,400.14,0.7,0.53,"J","J","LES MARSEI",4,6,51298,"15",2,"75","0.0860026658"
18,"2014-04-05",374,"WE",20,"M6","ACCESS","ACCESS18","M61830WE","M6ACCESSWE","M6ACCESS18WE","effet sculptant",9315,1676.7,1.05,1.16,"CD","CD","Y A QUE LE",4,7,45537,"13",0,"82","0.0860026658"
18,"2014-04-16",314,"WD",12,"M6","ACCESS","ACCESS18","M61900WD","M6ACCESSWD","M6ACCESS18WD","la lingerie pour toutes les morpho",7695,1385.1,1.67,1.39,"CBA","CBA","UN DINER P",4,4,53145,"15",0,"73","0.0860026658"
18,"2014-04-11",352,"WD",12,"M6","ACCESS","ACCESS18","M61900WD","M6ACCESSWD","M6ACCESS18WD","la lingerie pour toutes les morpho",7695,1385.1,2.82,1.16,"CBB","CBB","MON BISTRO",4,6,50859,"14",0,"67","0.0860026658"
18,"2014-03-13",568,"WD",12,"M6","ACCESS","ACCESS18","M61900WD","M6ACCESSWD","M6ACCESS18WD","la chaussure pour toutes les morpho'",7410,1333.8,3.58,1.71,"CBA","CBA","UN DINER P",3,5,60809,"10",0,"71","0.0860026658"
18,"2014-04-24",206,"WD",12,"PuissanceTNT","ACCESS","ACCESS18","PuissanceTNT1820WD","PuissanceTNTACCESSWD","PuissanceTNTACCESS18WD","la lingerie pour toutes les morpho",2063.4,371.412,0.07,0.48,"J","J","LES MARSEI",4,5,51916,"16",0,"77","0.0860026658"
18,"2014-04-03",471,"WD",12,"M6","ACCESS","ACCESS18","M61900WD","M6ACCESSWD","M6ACCESS18WD","la lingerie pour toutes les morpho",6954,1251.72,3.45,1.77,"CBA","CBA","UN DINER P",4,5,57227,"13",0,"64","0.0860026658"
18,"2014-04-08",262,"WD",12,"M6","ACCESS","ACCESS18","M61900WD","M6ACCESSWD","M6ACCESS18WD","la chaussure pour toutes les morpho'",7695,1385.1,2.73,1.41,"CBB","CBB","MON BISTRO",4,3,54435,"14",0,"70","0.0860026658"
18,"2014-04-27",391,"WE",12,"PuissanceTNT","ACCESS","ACCESS18","PuissanceTNT1820WE","PuissanceTNTACCESSWE","PuissanceTNTACCESS18WE","la lingerie pour toutes les morpho",4332,779.76,0.82,0.9,"AC","AC","SODA+DESPE",4,1,43656,"16",0,"96","0.0860026658"
18,"2014-04-22",447,"WD",20,"M6","ACCESS","ACCESS18","M61830WD","M6ACCESSWD","M6ACCESS18WD","effet sculptant",7695,1385.1,2.45,1.64,"CBB","CBB","LA MEILLEU",4,3,52494,"16",0,"73","0.0860026658"
18,"2014-03-26",412,"WD",12,"M6","ACCESS","ACCESS18","M61830WD","M6ACCESSWD","M6ACCESS18WD","la chaussure pour toutes les morpho'",5985,1077.3,4.47,1.62,"CBA","CBA","UN DINER P",3,4,62575,"12",0,"63","0.0860026658"
18,"2014-04-30",433,"WD",20,"M6","ACCESS","ACCESS18","M61900WD","M6ACCESSWD","M6ACCESS18WD","effet sculptant",10125,1822.5,2.08,1.73,"CBB","CBB","LA MEILLEU",4,4,52075,"17",0,"68","0.0860026658"
18,"2014-04-22",194,"WD",12,"PuissanceTNT","ACCESS","ACCESS18","PuissanceTNT1820WD","PuissanceTNTACCESSWD","PuissanceTNTACCESS18WD","la lingerie pour toutes les morpho",2063.4,371.412,0.81,0.5,"J","J","LES MARSEI",4,3,52494,"16",0,"73","0.0860026658"
19,"2014-04-09",384,"WD",12,"M6","ACCESS","ACCESS19","M61945WD","M6ACCESSWD","M6ACCESS19WD","la chaussure pour toutes les morpho'",9690,1744.2,3.75,2.36,"EBJ","SPLIT","DES INVENT",4,4,52789,"14",0,"71","0.0653886013"
19,"2014-03-12",280,"WD",12,"M6","ACCESS","ACCESS19","M61940WD","M6ACCESSWD","M6ACCESS19WD","effet push-up",9120,1641.6,3.56,2.23,"EBJ","SPLIT","DES INVENT",3,4,64149,"10",0,"71","0.0653886013"
19,"2014-03-31",209,"WD",12,"M6","ACCESS","ACCESS19","M61940WD","M6ACCESSWD","M6ACCESS19WD","effet push-up",9120,1641.6,2.56,2.17,"EBJ","SPLIT","DES INVENT",3,2,54730,"13",0,"67","0.0653886013"
19,"2014-04-14",354,"WD",12,"M6","ACCESS","ACCESS19","M61930WD","M6ACCESSWD","M6ACCESS19WD","la chaussure pour toutes les morpho'",8835,1590.3,2.79,2.01,"DDB","DDB","100 POUR 1",4,2,52054,"15",0,"78","0.0653886013"
19,"2014-03-19",427,"WD",12,"M6","ACCESS","ACCESS19","M61945WD","M6ACCESSWD","M6ACCESS19WD","la chaussure pour toutes les morpho'",10260,1846.8,6.33,2.89,"EBF","SPLIT","L ODYSSEE ",3,4,62781,"11",0,"62","0.0653886013"
19,"2014-03-15",277,"WE",20,"M6","ACCESS","ACCESS19","M61945WE","M6ACCESSWE","M6ACCESS19WE","la terrasse",6885,1239.3,2.88,1.76,"EBJ","SPLIT","CULTURES L",3,7,57511,"10",0,"76","0.0653886013"
19,"2014-03-13",315,"WD",12,"M6","ACCESS","ACCESS19","M61940WD","M6ACCESSWD","M6ACCESS19WD","effet push-up",9120,1641.6,5.07,2.66,"EBJ","SPLIT","DES INVENT",3,5,63740,"10",0,"71","0.0653886013"
19,"2014-04-06",533,"WE",20,"M6","ACCESS","ACCESS19","M61945WE","M6ACCESSWE","M6ACCESS19WE","effet sculptant",13770,2478.6,3.86,2.43,"EBL","SPLIT","LA MINUTE ",4,1,45261,"13",0,"86","0.0653886013"
19,"2014-04-10",347,"WD",12,"M6","ACCESS","ACCESS19","M61940WD","M6ACCESSWD","M6ACCESS19WD","la lingerie pour toutes les morpho",9120,1641.6,2.43,2.11,"EBJ","SPLIT","DES INVENT",4,5,51942,"14",0,"66","0.0653886013"
19,"2014-03-21",463,"WD",12,"M6","ACCESS","ACCESS19","M61930WD","M6ACCESSWD","M6ACCESS19WD","la chaussure pour toutes les morpho'",6840,1231.2,3.93,2.01,"DDB","DDB","100 POUR 1",3,6,61241,"11",0,"62","0.0653886013"
19,"2014-04-12",286,"WE",12,"M6","ACCESS","ACCESS19","M61930WE","M6ACCESSWE","M6ACCESS19WE","la chaussure pour toutes les morpho'",6555,1179.9,3.28,2.16,"EBL","EBL","UN TRESOR ",4,7,45416,"14",0,"79","0.0653886013"
19,"2014-04-17",383,"WD",12,"M6","ACCESS","ACCESS19","M61930WD","M6ACCESSWD","M6ACCESS19WD","la lingerie pour toutes les morpho",8835,1590.3,4.39,2.06,"DDB","DDB","100 POUR 1",4,5,52132,"15",0,"75","0.0653886013"
19,"2014-04-25",424,"WD",12,"PuissanceTNT","ACCESS","ACCESS19","PuissanceTNT1910WD","PuissanceTNTACCESSWD","PuissanceTNTACCESS19WD","la lingerie pour toutes les morpho",5135.7,924.426,1.14,1.27,"J","J","LES MARSEI",4,6,52081,"16",0,"65","0.0653886013"
19,"2014-04-21",705,"WD",12,"PuissanceTNT","ACCESS","ACCESS19","PuissanceTNT1910WD","PuissanceTNTACCESSWD","PuissanceTNTACCESS19WD","la chaussure pour toutes les morpho'",5135.7,924.426,1.52,1.28,"J","J","LES MARSEI",4,2,46581,"16",1,"91","0.0653886013"
19,"2014-04-23",702,"WD",12,"PuissanceTNT","ACCESS","ACCESS19","PuissanceTNT1910WD","PuissanceTNTACCESSWD","PuissanceTNTACCESS19WD","la chaussure pour toutes les morpho'",5135.7,924.426,1.41,1.35,"J","J","LES MARSEI",4,4,53207,"16",0,"71","0.0653886013"
19,"2014-04-01",393,"WD",12,"M6","ACCESS","ACCESS19","M61930WD","M6ACCESSWD","M6ACCESS19WD","la chaussure pour toutes les morpho'",8835,1590.3,3.63,1.96,"DDB","DDB","100 POUR 1",4,3,53897,"13",0,"64","0.0653886013"
19,"2014-04-24",630,"WD",12,"PuissanceTNT","ACCESS","ACCESS19","PuissanceTNT1910WD","PuissanceTNTACCESSWD","PuissanceTNTACCESS19WD","la chaussure pour toutes les morpho'",5135.7,924.426,1.01,1.49,"J","J","LES MARSEI",4,5,53121,"16",0,"77","0.0653886013"
19,"2014-04-29",532,"WD",12,"PuissanceTNT","ACCESS","ACCESS19","PuissanceTNT1910WD","PuissanceTNTACCESSWD","PuissanceTNTACCESS19WD","la chaussure pour toutes les morpho'",5135.7,924.426,0.99,1.51,"J","J","LES MARSEI",4,3,54769,"17",0,"65","0.0653886013"
19,"2014-03-23",1355,"WE",12,"M6","ACCESS","ACCESS19","M61930WE","M6ACCESSWE","M6ACCESS19WE","la chaussure pour toutes les morpho'",13680,2462.4,7.31,5.35,"DDB","DDB","66 MINUTES",3,1,59570,"11",0,"66","0.0653886013"
19,"2014-03-21",469,"WD",20,"M6","ACCESS","ACCESS19","M61940WD","M6ACCESSWD","M6ACCESS19WD","effet sculptant",11340,2041.2,3.35,1.96,"EBF","SPLIT","L ODYSSEE ",3,6,61221,"11",0,"62","0.0653886013"
19,"2014-04-07",481,"WD",20,"M6","ACCESS","ACCESS19","M61930WD","M6ACCESSWD","M6ACCESS19WD","la terrasse",12555,2259.9,3.35,1.98,"DDB","DDB","100 POUR 1",4,2,52562,"14",0,"69","0.0653886013"
19,"2014-04-13",528,"WE",12,"M6","ACCESS","ACCESS19","M61945WE","M6ACCESSWE","M6ACCESS19WE","la chaussure pour toutes les morpho'",10260,1846.8,4.6,2.94,"EBJ","SPLIT","CULTURES L",4,1,44704,"14",0,"77","0.0653886013"
19,"2014-04-27",405,"WE",12,"PuissanceTNT","ACCESS","ACCESS19","PuissanceTNT1930WE","PuissanceTNTACCESSWE","PuissanceTNTACCESS19WE","la lingerie pour toutes les morpho",5187,933.66,0.76,1.31,"J","J","SODA+NORBE",4,1,46101,"16",0,"96","0.0653886013"
19,"2014-04-30",294,"WD",12,"M6","ACCESS","ACCESS19","M61930WD","M6ACCESSWD","M6ACCESS19WD","la chaussure pour toutes les morpho'",6840,1231.2,2.4,1.85,"DDB","DDB","100 POUR 1",4,4,51920,"17",0,"68","0.0653886013"
20,"2014-04-29",712,"WD",12,"M6","PEAK","PEAK","M62025WD","M6PEAKWD","M6PEAKWD","la lingerie pour toutes les morpho",27360,4924.8,7.92,5.65,"ACB","ACB","SCENES DE ",4,3,52825,"17",0,"65","0.0824777966"
20,"2014-04-14",725,"WD",12,"M6","PEAK","PEAK","M62010WD","M6PEAKWD","M6PEAKWD","la chaussure pour toutes les morpho'",24510,4411.8,7.51,4.51,"DAA","SPLIT","LE 1945:BE",4,2,51129,"15",0,"78","0.0824777966"
20,"2014-03-12",1023,"WD",12,"M6","PEAK","PEAK","M62010WD","M6PEAKWD","M6PEAKWD","la chaussure pour toutes les morpho'",27360,4924.8,7.6,5.09,"DAA","SPLIT","LE 1945:XA",3,4,61780,"10",0,"71","0.0824777966"
20,"2014-04-26",589,"WE",20,"M6","PEAK","PEAK","M62005WE","M6PEAKWE","M6PEAKWE","la terrasse",22680,4082.4,5.82,3.2,"DAA","SPLIT","LE 1945:NA",4,7,46771,"16",0,"89","0.0824777966"
20,"2014-04-08",684,"WD",12,"M6","PEAK","PEAK","M62010WD","M6PEAKWD","M6PEAKWD","la lingerie pour toutes les morpho",24510,4411.8,7.45,4.87,"DAA","SPLIT","LE 1945:XA",4,3,53738,"14",0,"70","0.0824777966"
20,"2014-03-21",823,"WD",20,"M6","PEAK","PEAK","M62010WD","M6PEAKWD","M6PEAKWD","effet sculptant",35640,6415.2,9.69,5.19,"DAA","SPLIT","LE 1945:NA",3,6,58891,"11",0,"62","0.0824777966"
20,"2014-04-18",706,"WD",12,"M6","PEAK","PEAK","M62025WD","M6PEAKWD","M6PEAKWD","la lingerie pour toutes les morpho",23940,4309.2,8.5,5.4,"ACB","ACB","SCENES DE ",4,6,51402,"15",2,"75","0.0824777966"
20,"2014-04-25",530,"WD",12,"M6","PEAK","PEAK","M62010WD","M6PEAKWD","M6PEAKWD","la chaussure pour toutes les morpho'",21660,3898.8,5.2,4.01,"DAA","SPLIT","LE 1945:NA",4,6,50432,"16",0,"65","0.0824777966"
20,"2014-03-17",736,"WD",12,"M6","PEAK","PEAK","M62010WD","M6PEAKWD","M6PEAKWD","la chaussure pour toutes les morpho'",27360,4924.8,9.18,5.22,"DAA","SPLIT","LE 1945:XA",3,2,59689,"11",0,"71","0.0824777966"
20,"2014-03-28",723,"WD",12,"M6","PEAK","PEAK","M62005WD","M6PEAKWD","M6PEAKWD","la chaussure pour toutes les morpho'",25080,4514.4,8.27,4.48,"DAA","SPLIT","LE 1945:NA",3,6,61886,"12",0,"64","0.0824777966"
20,"2014-03-15",977,"WE",12,"M6","PEAK","PEAK","M62045WE","M6PEAKWE","M6PEAKWE","la chaussure pour toutes les morpho'",18810,3385.8,5.3,4.32,"EBL","SPLIT","LA MINUTE ",3,7,54384,"10",0,"76","0.0824777966"
20,"2014-03-10",534,"WD",12,"M6","PEAK","PEAK","M62005WD","M6PEAKWD","M6PEAKWD","effet push-up",27360,4924.8,10.17,5.6,"DAA","SPLIT","LE 1945:XA",3,2,60890,"10",0,"70","0.0824777966"
20,"2014-04-04",489,"WD",12,"M6","PEAK","PEAK","M62010WD","M6PEAKWD","M6PEAKWD","la chaussure pour toutes les morpho'",22800,4104,8.33,4.26,"DAA","SPLIT","LE 1945:NA",4,6,54299,"13",0,"71","0.0824777966"
20,"2014-04-26",845,"WE",12,"M6","PEAK","PEAK","M62025WE","M6PEAKWE","M6PEAKWE","la chaussure pour toutes les morpho'",17100,3078,6.19,3.81,"ACB","ACB","SCENES DE ",4,7,46771,"16",0,"89","0.0824777966"
20,"2014-03-25",1052,"WD",12,"M6","PEAK","PEAK","M62025WD","M6PEAKWD","M6PEAKWD","la chaussure pour toutes les morpho'",31350,5643,10.71,6.24,"ACB","ACB","SCENES DE ",3,3,66736,"12",0,"65","0.0824777966"
20,"2014-04-06",861,"WE",12,"M6","PEAK","PEAK","M62025WE","M6PEAKWE","M6PEAKWE","la chaussure pour toutes les morpho'",22800,4104,5.21,4.13,"DDB","DDB","E EGAL M6:",4,1,46306,"13",0,"86","0.0824777966"
20,"2014-04-24",791,"WD",12,"M6","PEAK","PEAK","M62025WD","M6PEAKWD","M6PEAKWD","la lingerie pour toutes les morpho",27360,4924.8,7.35,5.38,"ACB","ACB","SCENES DE ",4,5,51443,"16",0,"77","0.0824777966"
20,"2014-04-02",545,"WD",12,"M6","PEAK","PEAK","M62050WD","M6PEAKWD","M6PEAKWD","la lingerie pour toutes les morpho",21660,3898.8,5.12,3.33,"FBG","SPLIT","RALLYE AIC",4,4,54693,"13",0,"62","0.0824777966"
20,"2014-03-23",892,"WE",12,"M6","PEAK","PEAK","M62045WE","M6PEAKWE","M6PEAKWE","effet push-up",19950,3591,7.74,5.16,"EBN","SPLIT","LA MINUTE ",3,1,58932,"11",0,"66","0.0824777966"
20,"2014-03-29",433,"WE",12,"M6","PEAK","PEAK","M62045WE","M6PEAKWE","M6PEAKWE","effet push-up",18810,3385.8,7.02,4.09,"EBL","SPLIT","LA MINUTE ",3,7,52358,"12",0,"77","0.0824777966"
20,"2014-03-13",574,"WD",12,"M6","PEAK","PEAK","M62025WD","M6PEAKWD","M6PEAKWD","effet push-up",31350,5643,9.03,6.07,"ACB","ACB","SCENES DE ",3,5,61216,"10",0,"71","0.0824777966"
20,"2014-04-15",718,"WD",12,"M6","PEAK","PEAK","M62040WD","M6PEAKWD","M6PEAKWD","la chaussure pour toutes les morpho'",26220,4719.6,6.27,4.34,"ACB","SPLIT","SCENES DE ",4,3,53342,"15",0,"78","0.0824777966"
20,"2014-03-10",1241,"WD",12,"M6","PEAK","PEAK","M62040WD","M6PEAKWD","M6PEAKWD","la chaussure pour toutes les morpho'",28500,5130,7.24,4.84,"ACB","SPLIT","SCENES DE ",3,2,58905,"10",0,"70","0.0824777966"
20,"2014-04-12",543,"WE",12,"M6","PEAK","PEAK","M62005WE","M6PEAKWE","M6PEAKWE","la lingerie pour toutes les morpho",17100,3078,6.79,3.12,"DAA","SPLIT","LE 1945:NA",4,7,45673,"14",0,"79","0.0824777966"
20,"2014-03-27",631,"WD",12,"M6","PEAK","PEAK","M62010WD","M6PEAKWD","M6PEAKWD","la chaussure pour toutes les morpho'",27360,4924.8,8.96,4.99,"DAA","SPLIT","LE 1945:XA",3,5,65723,"12",0,"63","0.0824777966"
20,"2014-03-11",493,"WD",12,"M6","PEAK","PEAK","M62010WD","M6PEAKWD","M6PEAKWD","effet push-up",27360,4924.8,8.87,5.04,"DAA","SPLIT","LE 1945:XA",3,3,62717,"10",0,"72","0.0824777966"
20,"2014-04-27",747,"WE",20,"M6","PEAK","PEAK","M62025WE","M6PEAKWE","M6PEAKWE","la terrasse",29970,5394.6,4.89,3.87,"DDB","DDB","E EGAL M6:",4,1,46728,"16",0,"96","0.0824777966"
20,"2014-03-31",615,"WD",12,"M6","PEAK","PEAK","M62040WD","M6PEAKWD","M6PEAKWD","la chaussure pour toutes les morpho'",26220,4719.6,5.36,3.78,"ACB","SPLIT","SCENES DE ",3,2,55715,"13",0,"67","0.0824777966"
20,"2014-03-20",413,"WD",12,"M6","PEAK","PEAK","M62010WD","M6PEAKWD","M6PEAKWD","effet push-up",27360,4924.8,9.92,5.3,"DAA","SPLIT","LE 1945:XA",3,5,58700,"11",0,"70","0.0824777966"
20,"2014-03-26",678,"WD",12,"M6","PEAK","PEAK","M62025WD","M6PEAKWD","M6PEAKWD","effet push-up",31350,5643,10.01,5.76,"ACB","ACB","SCENES DE ",3,4,64646,"12",0,"63","0.0824777966"
20,"2014-04-09",725,"WD",12,"M6","PEAK","PEAK","M62040WD","M6PEAKWD","M6PEAKWD","la lingerie pour toutes les morpho",28500,5130,6.42,4.19,"ACB","SPLIT","SCENES DE ",4,4,53747,"14",0,"71","0.0824777966"
20,"2014-03-13",855,"WD",12,"M6","PEAK","PEAK","M62005WD","M6PEAKWD","M6PEAKWD","la chaussure pour toutes les morpho'",27360,4924.8,8.73,5.09,"DAA","SPLIT","LE 1945:XA",3,5,61216,"10",0,"71","0.0824777966"
20,"2014-04-15",609,"WD",12,"M6","PEAK","PEAK","M62005WD","M6PEAKWD","M6PEAKWD","la chaussure pour toutes les morpho'",24510,4411.8,6.88,4.44,"DAA","SPLIT","LE 1945:BE",4,3,52312,"15",0,"78","0.0824777966"
20,"2014-03-14",421,"WD",12,"M6","PEAK","PEAK","M62010WD","M6PEAKWD","M6PEAKWD","effet push-up",25080,4514.4,8.32,4.45,"DAA","SPLIT","LE 1945:KA",3,6,59083,"10",0,"68","0.0824777966"
20,"2014-04-11",436,"WD",12,"M6","PEAK","PEAK","M62010WD","M6PEAKWD","M6PEAKWD","la chaussure pour toutes les morpho'",22800,4104,7.04,4.08,"DAA","SPLIT","LE 1945:NA",4,6,50222,"14",0,"67","0.0824777966"
20,"2014-04-16",835,"WD",12,"M6","PEAK","PEAK","M62025WD","M6PEAKWD","M6PEAKWD","la chaussure pour toutes les morpho'",28500,5130,8.26,5.04,"ACB","ACB","SCENES DE ",4,4,52030,"15",0,"73","0.0824777966"
20,"2014-04-17",638,"WD",12,"M6","PEAK","PEAK","M62045WD","M6PEAKWD","M6PEAKWD","la lingerie pour toutes les morpho",29640,5335.2,6.44,3.96,"EBL","SPLIT","LES FINES ",4,5,52374,"15",0,"75","0.0824777966"
20,"2014-03-18",1137,"WD",12,"M6","PEAK","PEAK","M62025WD","M6PEAKWD","M6PEAKWD","la chaussure pour toutes les morpho'",31350,5643,11.91,6.56,"ACB","ACB","SCENES DE ",3,3,62063,"11",0,"70","0.0824777966"
21,"2014-04-22",221,"WD",12,"PuissanceTNT","PEAK","PEAK","PuissanceTNT2140WD","PuissanceTNTPEAKWD","PuissanceTNTPEAKWD","la chaussure pour toutes les morpho'",5700,1026,0.79,0.95,"J","J","ENQUETE D ",4,3,51391,"16",0,"73","0.0616085830"
21,"2014-04-01",1523,"WD",12,"M6","PEAK","PEAK","M62140WD","M6PEAKWD","M6PEAKWD","la chaussure pour toutes les morpho'",25080,4514.4,6.46,4.53,"AAA","AAA","VILAINE",4,3,51682,"13",0,"64","0.0616085830"
21,"2014-04-29",305,"WD",12,"PuissanceTNT","PEAK","PEAK","PuissanceTNT2140WD","PuissanceTNTPEAKWD","PuissanceTNTPEAKWD","la chaussure pour toutes les morpho'",5301,954.18,1.42,1.11,"J","J","ENQUETE D ",4,3,52969,"17",0,"65","0.0616085830"
21,"2014-03-12",964,"WD",12,"M6","PEAK","PEAK","M62140WD","M6PEAKWD","M6PEAKWD","effet push-up",22800,4104,4.89,3.36,"EBL","EBL","DECO - M6 ",3,4,58068,"10",0,"71","0.0616085830"
21,"2014-03-20",1007,"WD",12,"M6","PEAK","PEAK","M62140WD","M6PEAKWD","M6PEAKWD","la chaussure pour toutes les morpho'",23940,4309.2,4.24,3.73,"CBA","CBA","QU EST-CE ",3,5,52987,"11",0,"70","0.0616085830"
21,"2014-04-12",667,"WE",12,"M6","PEAK","PEAK","M62160WE","M6PEAKWE","M6PEAKWE","la lingerie pour toutes les morpho",13110,2359.8,4.54,3.07,"ACA","ACA","HAWAII 5-0",4,7,45865,"14",0,"79","0.0616085830"
21,"2014-04-26",673,"WE",12,"M6","PEAK","PEAK","M62160WE","M6PEAKWE","M6PEAKWE","la lingerie pour toutes les morpho",11400,2052,4.12,2.79,"ACA","ACA","HAWAII 5-0",4,7,47133,"16",0,"89","0.0616085830"
21,"2014-03-27",675,"WD",12,"M6","PEAK","PEAK","M62140WD","M6PEAKWD","M6PEAKWD","effet push-up",23940,4309.2,5.63,4.43,"CBA","CBA","QU EST-CE ",3,5,61711,"12",0,"63","0.0616085830"
21,"2014-04-20",242,"WE",12,"PuissanceTNT","PEAK","PEAK","PuissanceTNT2140WE","PuissanceTNTPEAKWE","PuissanceTNTPEAKWE","la lingerie pour toutes les morpho",7068,1272.24,1.56,0.95,"A","A","LA BIBLE:E",4,1,48039,"15",0,"84","0.0616085830"
21,"2014-04-27",291,"WE",12,"PuissanceTNT","PEAK","PEAK","PuissanceTNT2140WE","PuissanceTNTPEAKWE","PuissanceTNTPEAKWE","la chaussure pour toutes les morpho'",5643,1015.74,1.72,1.14,"A","A","BODY OF PR",4,1,48453,"16",0,"96","0.0616085830"
21,"2014-04-22",570,"WD",12,"M6","PEAK","PEAK","M62140WD","M6PEAKWD","M6PEAKWD","la chaussure pour toutes les morpho'",21660,3898.8,3.11,2.85,"AAM","AAM","WALL-E",4,3,51391,"16",0,"73","0.0616085830"
21,"2014-04-30",736,"WD",12,"M6","PEAK","PEAK","M62160WD","M6PEAKWD","M6PEAKWD","la lingerie pour toutes les morpho",18240,3283.2,3.49,3.02,"CBB","CBB","PEKIN EXPR",4,4,49436,"17",0,"68","0.0616085830"
22,"2014-03-13",1252,"WD",12,"M6","NIGHT","NIGHT2223","M62160WD","M6NIGHTWD","M6NIGHT2223WD","la chaussure pour toutes les morpho'",23940,4309.2,4.43,4.71,"CBA","CBA","QU EST-CE ",3,5,56187,"10",0,"71","0.0591018252"
22,"2014-04-28",1093,"WD",12,"M6","NIGHT","NIGHT2223","M62180WD","M6NIGHTWD","M6NIGHT2223WD","la chaussure pour toutes les morpho'",22800,4104,4.04,3.82,"CBB","CBB","TOP CHEF -",4,2,54579,"17",0,"69","0.0591018252"
22,"2014-03-23",374,"WE",12,"M6","NIGHT","NIGHT2223","M62240WE","M6NIGHTWE","M6NIGHT2223WE","la chaussure pour toutes les morpho'",8265,1487.7,2.9,1.9,"AAA","SPLIT","SAFARI",3,1,60275,"11",0,"66","0.0591018252"
22,"2014-04-12",463,"WE",12,"M6","NIGHT","NIGHT2223","M62170WE","M6NIGHTWE","M6NIGHT2223WE","la chaussure pour toutes les morpho'",13110,2359.8,5.33,3.1,"ACA","ACA","HAWAII 5-0",4,7,46315,"14",0,"79","0.0591018252"
22,"2014-04-03",854,"WD",12,"M6","NIGHT","NIGHT2223","M62160WD","M6NIGHTWD","M6NIGHT2223WD","la chaussure pour toutes les morpho'",23940,4309.2,3.7,3.49,"CBA","CBA","QU EST-CE ",4,5,52727,"13",0,"64","0.0591018252"
22,"2014-04-21",1616,"WD",12,"M6","NIGHT","NIGHT2223","M62160WD","M6NIGHTWD","M6NIGHT2223WD","la chaussure pour toutes les morpho'",23370,4206.6,4.4,4.7,"CBB","CBB","TOP CHEF -",4,2,48188,"16",1,"91","0.0591018252"
22,"2014-04-17",592,"WD",12,"M6","NIGHT","NIGHT2223","M62180WD","M6NIGHTWD","M6NIGHT2223WD","la chaussure pour toutes les morpho'",22800,4104,4.65,2.62,"ACA","ACA","PERCEPTION",4,5,53227,"15",0,"75","0.0591018252"
22,"2014-03-22",407,"WE",12,"M6","NIGHT","NIGHT2223","M62180WE","M6NIGHTWE","M6NIGHT2223WE","effet push-up",12540,2257.2,5.4,2.82,"ACA","ACA","HAWAII 5-0",3,7,58195,"11",0,"77","0.0591018252"
22,"2014-04-07",1270,"WD",12,"M6","NIGHT","NIGHT2223","M62180WD","M6NIGHTWD","M6NIGHT2223WD","la lingerie pour toutes les morpho",23940,4309.2,3.19,3.65,"CBB","CBB","TOP CHEF -",4,2,52161,"14",0,"69","0.0591018252"
22,"2014-04-24",600,"WD",12,"M6","NIGHT","NIGHT2223","M62160WD","M6NIGHTWD","M6NIGHT2223WD","la lingerie pour toutes les morpho",21090,3796.2,5.01,2.87,"ACA","ACA","N C I S LO",4,5,50546,"16",0,"77","0.0591018252"
22,"2014-04-27",502,"WE",12,"M6","NIGHT","NIGHT2223","M62250WE","M6NIGHTWE","M6NIGHT2223WE","la lingerie pour toutes les morpho",7410,1333.8,2.49,2.35,"DDB","SPLIT","CAPITAL:RE",4,1,51206,"16",0,"96","0.0591018252"
22,"2014-04-21",2050,"WD",12,"M6","NIGHT","NIGHT2223","M62180WD","M6NIGHTWD","M6NIGHT2223WD","la lingerie pour toutes les morpho",23940,4309.2,3.81,4.6,"CBB","CBB","TOP CHEF -",4,2,51048,"16",1,"91","0.0591018252"
22,"2014-04-10",880,"WD",12,"M6","NIGHT","NIGHT2223","M62170WD","M6NIGHTWD","M6NIGHT2223WD","la chaussure pour toutes les morpho'",27360,4924.8,6.36,3.34,"ACA","ACA","PERCEPTION",4,5,50628,"14",0,"66","0.0591018252"
22,"2014-03-28",317,"WD",12,"M6","NIGHT","NIGHT2223","M62180WD","M6NIGHTWD","M6NIGHT2223WD","effet push-up",19950,3591,6.45,3.46,"ACA","ACA","N C I S EN",3,6,60016,"12",0,"64","0.0591018252"
22,"2014-03-29",565,"WE",12,"M6","NIGHT","NIGHT2223","M62170WE","M6NIGHTWE","M6NIGHT2223WE","la chaussure pour toutes les morpho'",12540,2257.2,5.3,2.95,"ACA","ACA","HAWAII 5-0",3,7,50763,"12",0,"77","0.0591018252"
22,"2014-03-22",755,"WE",20,"M6","NIGHT","NIGHT2223","M62170WE","M6NIGHTWE","M6NIGHT2223WE","effet sculptant",17820,3207.6,5.93,3.58,"ACA","ACA","HAWAII 5-0",3,7,55170,"11",0,"77","0.0591018252"
22,"2014-04-05",482,"WE",12,"M6","NIGHT","NIGHT2223","M62180WE","M6NIGHTWE","M6NIGHT2223WE","la chaussure pour toutes les morpho'",11400,2052,4.69,2.69,"ACA","ACA","HAWAII 5-0",4,7,50632,"13",0,"82","0.0591018252"
22,"2014-04-09",1322,"WD",12,"M6","NIGHT","NIGHT2223","M62160WD","M6NIGHTWD","M6NIGHT2223WD","la chaussure pour toutes les morpho'",29640,5335.2,4.89,4.01,"EAJ","EAJ","MAISON A V",4,4,52104,"14",0,"71","0.0591018252"
23,"2014-03-19",407,"WD",12,"M6","NIGHT","NIGHT2223","M62180WD","M6NIGHTWD","M6NIGHT2223WD","effet push-up",15960,2872.8,2.71,2.17,"EAJ","EAJ","MAISON A V",3,4,57124,"11",0,"62","0.0289851111"
23,"2014-04-24",342,"WD",12,"M6","NIGHT","NIGHT2223","M62180WD","M6NIGHTWD","M6NIGHT2223WD","la chaussure pour toutes les morpho'",15390,2770.2,4.04,2.15,"ACA","ACA","N C I S LO",4,5,52326,"16",0,"77","0.0289851111"
